Workbook
Name _polarion_4: OFFSET(_polarion_options_start,MATCH(CONCATENATE(_polarion_type,":","PRD-Section"),_polarion_options_types,0),1,COUNTIF(_polarion_options_types,CONCATENATE(_polarion_type,":","PRD-Section")),1)
Name _polarion_info: #REF!
Name _polarion_info: #REF!
Name _polarion_info: #REF!
Name _polarion_info: #REF!
Name _polarion_info: #REF!
Name _polarion_options_start: [1]!_polarion_options[[#Headers],[Type]]
Name _polarion_options_types: [1]!_polarion_options[Type]
Name _polarion_project: IF(ISBLANK('Bypass - Architecture'!_polarion_info),"PrimaryProtectionSystem",LEFT('Bypass - Architecture'!_polarion_info,SEARCH("/",'Bypass - Architecture'!_polarion_info,1)-1))
Name _polarion_project: IF(ISBLANK('MVAr - Architecture'!_polarion_info),"PrimaryProtectionSystem",LEFT('MVAr - Architecture'!_polarion_info,SEARCH("/",'MVAr - Architecture'!_polarion_info,1)-1))
Name _polarion_project: IF(ISBLANK('Scores '!_polarion_info),"PrimaryProtectionSystem",LEFT('Scores '!_polarion_info,SEARCH("/",'Scores '!_polarion_info,1)-1))
Name _polarion_project: IF(ISBLANK(Title!_polarion_info),"PrimaryProtectionSystem",LEFT(Title!_polarion_info,SEARCH("/",Title!_polarion_info,1)-1))
Name _polarion_project: IF(ISBLANK(_polarion_info),"PrimaryProtectionSystem",LEFT(_polarion_info,SEARCH("/",_polarion_info,1)-1))
Name _polarion_type: CONCATENATE('Bypass - Architecture'!_polarion_project,"/",IF(ISBLANK(#REF!),"requirement",#REF!))
Name _polarion_type: CONCATENATE('MVAr - Architecture'!_polarion_project,"/",IF(ISBLANK(#REF!),"requirement",#REF!))
Name _polarion_type: CONCATENATE('Scores '!_polarion_project,"/",IF(ISBLANK(#REF!),"requirement",#REF!))
Name _polarion_type: CONCATENATE(Title!_polarion_project,"/",IF(ISBLANK(#REF!),"requirement",#REF!))
Name _polarion_type: CONCATENATE(_polarion_project,"/",IF(ISBLANK(#REF!),"requirement",#REF!))
Name a: OFFSET(_polarion_options_start,MATCH(CONCATENATE(_polarion_type,":","PRD-Section"),_polarion_options_types,0),1,COUNTIF(_polarion_options_types,CONCATENATE(_polarion_type,":","PRD-Section")),1)
Name abc: #N/A
Name abc: OFFSET(_polarion_options_start,MATCH(CONCATENATE(_polarion_type,":","PRD-Section"),_polarion_options_types,0),1,COUNTIF(_polarion_options_types,CONCATENATE(_polarion_type,":","PRD-Section")),1)
Name ValidPPDPhase: #REF!
Name ValidPPDPhase: #REF!
Name ValidPPDPhase: #REF!
Name ValidPPDPhase: #REF!

Sheet Title
B3: Title: | C3: SmartValve 10-1800 v1.04 - iiSC Board Rev5 (P111191) Potential Failure Mode and Effects Analysis (Design FMECA)
B4: Project: | C4: SmartValve v1.04
B6: PS19 QPI | C6: PS19 Technical Experts | D6: Smart Wires Reviewer
B7: Saad Ullah, Waqas, Jawad | C7: Zain, Imran Mirza, Imad khan | D7: Austin

Sheet Revision History
B2: Revision History
B3: Date | C3: Version | D3: Description
B4: 44188 | C4: 1 | D4: Initial draft based on Rev1 schematic.
B6: 44253 | C6: 1.1 | D6: Updated FMECA based on the Rev1 schematic done by PS19 QPI team.
B7: 44592 | C7: 1.2 | D7: Updated FMECA based on the Rev3 schematic done by PS19 QPI team.
B8: 44600 | C8: 1.3 | D8: Updated FMECA based on the Rev4 schematic done by PS19 QPI team.
B9: 44676 | C9: 1.4 | D9: Reviewed and updated by PS19 Hardware team for the changes done based on the Rev3 schematic
B10: 44694 | C10: 1.5 | D10: Updated the FMECA based on the feedback received from PS19 Hardware team for the improvements by PS19 QPI team.
B11: 44764 | C11: 1.6 | D11: Reviewed and updated by PS19 Hardware team for the changes done based on the Rev4 schematic
B12: 44785 | C12: 1.7 | D12: Updated the FMECA based on the feedback received from PS19 Hardware team for the improvements by PS19 QPI team.
B13: 44792 | C13: 1.8 | D13: Updated FMECA based on the Rev5 schematic done by PS19 QPI team.
B14: 44806 | C14: 1.9 | D14: Reviewed and updated by PS19 Hardware team for the changes done based on the Rev5 schematic
B15: 44812 | C15: 2 | D15: Updated the FMECA based on the feedback received from PS19 Hardware team for the improvements by PS19 QPI team.
B16: 44839 | C16: 2.1 | D16: Reviewed and updated by PS19 Hardware team for improvement based on the Rev5 schematic
... B22: 45104 | C22: 2.7 | D22: Updated the FMECA based on the feedback received from Hardware team for improvement by PS19 QPI Team.

Sheet Definitions-Terms
B2: Definitions / Terms / Acronyms
B3: Term | C3: Description | D3: Term | E3: Description
B4: A-K | C4: Anode-to-Cathode | D4: LCB | E4: Liquid Cooling Block
B5: BF | C5: Bypass Filter | D5: PHT | E5: Power Harvesting Transformer
B6: CTP | C6: Current Transformer for Power | D6: ETP | E6: Electrical Test Procedure
B7: DCCT | C7: DC current transducer | D7: IP | E7: Intrusion Protection
B8: DCE | C8: Digital Computational Engine | D8: MES | E8: Manufacturing Execution System
B9: EFT | C9: Electrical Fast Transient | D9: CTQ | E9: Critical To Quality
B10: EMS | C10: Energy Management System | D10: CLB | E10: Convertor Level ByPass
B11: EOL | C11: End Of Line
B12: FCS | C12: Fault Current Sensor
B13: FO | C13: Fiber Optic
B14: FR | C14: Flame Retardant
B15: G-K | C15: Gate-to-Cathode
B16: HALT | C16: Highly-Accelerated Life Testing
B17: HASS | C17: High accelerated stress screening
B18: HCT | C18: High Current Testing
B19: LCB | C19: Liquid Cooling Block
B20: LCS | C20: Line Current Sensor
B21: OVP | C21: Over-Voltage Protection
B22: PCB | C22: Printed Circuit Board
... B37: TBR | C37: To be Reviewed

Sheet Design Tracebility
B2: Design Traceability
B3: Sr. | C3: Design Artifact | D3: Rev | E3: Link
B5: 1 | C5: SmartValve 10-1800 v1.04 - Wiring Drawing - Bypass, MVAr Section Harnesses Diagram, PHT Shorting and Capacitor Voltage Measurement Blocks | D5: 4 | E5: Box Link
B6: 2 | C6: SmartValve 10-1800 v1.04 - Wiring Drawing - Power Supply Scheme Gen2-v2-FAI | D6: v2 | E6: Box Link
B7: 3 | C7: SmartValve 10-1800 v1.04 - PCBAs - iiSC Board Schematic | D7: 5 | E7: Box Link
B8: 4 | C8: SmartValve 10-1800 v1.04 - PCBAs - iiSC Board Functional Block Diagram | D8: 5 | E8: Box Link
B9: 5 | C9: SmartValve 10-1800 v1.04 - PCBAs - iiSC Board Design Document | D9: A | E9: Box Link

Sheet Scores 
D2: Risk Factor (S x O) Scores | L2: SmartValve v1.04 Risk Factor (S x O) Counts
B4: Occurrence | C4: 5 | D4: =$C$4*D9 -> 5 | E4: =$C$4*E9 -> 10 | F4: =$C$4*F9 -> 15 | G4: =$C$4*G9 -> 20 | H4: =$C$4*H9 -> 25 | K4: Occurrence | L4: 5 | M4: {=SUMPRODUCT(--(DFMECA!J6:J2194=1),--(DFMECA!M6:M2194=5))} -> 0 | N4: {=SUMPRODUCT(--(DFMECA!J6:J2194=2),--(DFMECA!M6:M2194=5))} -> 0 | O4: {=SUMPRODUCT(--(DFMECA!J6:J2194=3),--(DFMECA!M6:M2194=5))} -> 0 | P4: {=SUMPRODUCT(--(DFMECA!J6:J2194=4),--(DFMECA!M6:M2194=5))} -> 0 | Q4: {=SUMPRODUCT(--(DFMECA!J6:J2194=5),--(DFMECA!M6:M2194=5))} -> 0
C5: 4 | D5: =$C$5*D9 -> 4 | E5: =$C$5*E9 -> 8 | F5: =$C$5*F9 -> 12 | G5: =$C$5*G9 -> 16 | H5: =$C$5*H9 -> 20 | L5: 4 | M5: {=SUMPRODUCT(--(DFMECA!J6:J2194=1),--(DFMECA!M6:M2194=4))} -> 0 | N5: {=SUMPRODUCT(--(DFMECA!J6:J2194=2),--(DFMECA!M6:M2194=4))} -> 0 | O5: {=SUMPRODUCT(--(DFMECA!J6:J2194=3),--(DFMECA!M6:M2194=4))} -> 0 | P5: {=SUMPRODUCT(--(DFMECA!J6:J2194=4),--(DFMECA!M6:M2194=4))} -> 0 | Q5: {=SUMPRODUCT(--(DFMECA!J6:J2194=5),--(DFMECA!M6:M2194=4))} -> 0
C6: 3 | D6: =$C$6*D9 -> 3 | E6: =$C$6*E9 -> 6 | F6: =$C$6*F9 -> 9 | G6: =$C$6*G9 -> 12 | H6: =$C$6*H9 -> 15 | L6: 3 | M6: {=SUMPRODUCT(--(DFMECA!J6:J2194=1),--(DFMECA!M6:M2194=3))} -> 0 | N6: {=SUMPRODUCT(--(DFMECA!J6:J2194=2),--(DFMECA!M6:M2194=3))} -> 3 | O6: {=SUMPRODUCT(--(DFMECA!J6:J2194=3),--(DFMECA!M6:M2194=3))} -> 4 | P6: {=SUMPRODUCT(--(DFMECA!J6:J2194=4),--(DFMECA!M6:M2194=3))} -> 0 | Q6: {=SUMPRODUCT(--(DFMECA!J6:J2194=5),--(DFMECA!M6:M2194=3))} -> 0
C7: 2 | D7: =$C$7*D9 -> 2 | E7: =$C$7*E9 -> 4 | F7: =$C$7*F9 -> 6 | G7: =$C$7*G9 -> 8 | H7: =$C$7*H9 -> 10 | L7: 2 | M7: {=SUMPRODUCT(--(DFMECA!J6:J2194=1),--(DFMECA!M6:M2194=2))} -> 129 | N7: {=SUMPRODUCT(--(DFMECA!J6:J2194=2),--(DFMECA!M6:M2194=2))} -> 79 | O7: {=SUMPRODUCT(--(DFMECA!J6:J2194=3),--(DFMECA!M6:M2194=2))} -> 295 | P7: {=SUMPRODUCT(--(DFMECA!J6:J2194=4),--(DFMECA!M6:M2194=2))} -> 8 | Q7: {=SUMPRODUCT(--(DFMECA!J6:J2194=5),--(DFMECA!M6:M2194=2))} -> 0
C8: 1 | D8: =$C$8*D9 -> 1 | E8: =$C$8*E9 -> 2 | F8: =$C$8*F9 -> 3 | G8: =$C$8*G9 -> 4 | H8: =$C$8*H9 -> 5 | L8: 1 | M8: {=SUMPRODUCT(--(DFMECA!J6:J2194=1),--(DFMECA!M6:M2194=1))} -> 861 | N8: {=SUMPRODUCT(--(DFMECA!J6:J2194=2),--(DFMECA!M6:M2194=1))} -> 238 | O8: {=SUMPRODUCT(--(DFMECA!J6:J2194=3),--(DFMECA!M6:M2194=1))} -> 518 | P8: {=SUMPRODUCT(--(DFMECA!J6:J2194=4),--(DFMECA!M6:M2194=1))} -> 5 | Q8: {=SUMPRODUCT(--(DFMECA!J6:J2194=5),--(DFMECA!M6:M2194=1))} -> 0
D9: 1 | E9: 2 | F9: 3 | G9: 4 | H9: 5 | M9: 1 | N9: 2 | O9: 3 | P9: 4 | Q9: 5
D10: Severity | M10: Severity
M12: Total risks: | Q12: =SUM(M4:M8)+SUM(N4:N8)+SUM(O4:O8)+SUM(P4:P8)+SUM(Q4:Q8) -> 2140
M13: Total risks require mitigation based on S x O: | Q13: =SUM(N4:N5)+SUM(O4:O6)+SUM(P4:P7)+SUM(Q4:Q8) -> 12
C17: Risk Priority Number (S x O x D) Scores | L17: SmartValve v1.04 RPN (S x O x D) Counts
B19: Severity x Occurrence (S x O) | C19: 25 | D19: =C19*$D$44 -> 25 | E19: =C19*$E$44 -> 50 | F19: =C19*$F$44 -> 75 | G19: =C19*$G$44 -> 100 | H19: =C19*$H$44 -> 125 | K19: Severity x Occurrence (S x O) | L19: 25 | M19: {=SUMPRODUCT(--(DFMECA!N6:N2194=25),--(DFMECA!Q6:Q2194=1))} -> 0 | N19: {=SUMPRODUCT(--(DFMECA!N6:N2194=25),--(DFMECA!Q6:Q2194=2))} -> 0 | O19: {=SUMPRODUCT(--(DFMECA!N6:N2194=25),--(DFMECA!Q6:Q2194=3))} -> 0 | P19: {=SUMPRODUCT(--(DFMECA!N6:N2194=25),--(DFMECA!Q6:Q2194=4))} -> 0 | Q19: {=SUMPRODUCT(--(DFMECA!N6:N2194=25),--(DFMECA!Q6:Q2194=5))} -> 0
C20: 24 | D20: =C20*$D$44 -> 24 | E20: =C20*$E$44 -> 48 | F20: =C20*$F$44 -> 72 | G20: =C20*$G$44 -> 96 | H20: =C20*$H$44 -> 120 | L20: 24 | M20: {=SUMPRODUCT(--(DFMECA!N6:N2194=24),--(DFMECA!Q6:Q2194=1))} -> 0 | N20: {=SUMPRODUCT(--(DFMECA!N6:N2194=24),--(DFMECA!Q6:Q2194=2))} -> 0 | O20: {=SUMPRODUCT(--(DFMECA!N6:N2194=24),--(DFMECA!Q6:Q2194=3))} -> 0 | P20: {=SUMPRODUCT(--(DFMECA!N6:N2194=24),--(DFMECA!Q6:Q2194=4))} -> 0 | Q20: {=SUMPRODUCT(--(DFMECA!N6:N2194=24),--(DFMECA!Q6:Q2194=5))} -> 0
C21: 23 | D21: =C21*$D$44 -> 23 | E21: =C21*$E$44 -> 46 | F21: =C21*$F$44 -> 69 | G21: =C21*$G$44 -> 92 | H21: =C21*$H$44 -> 115 | L21: 23 | M21: {=SUMPRODUCT(--(DFMECA!N6:N2194=23),--(DFMECA!Q6:Q2194=1))} -> 0 | N21: {=SUMPRODUCT(--(DFMECA!N6:N2194=23),--(DFMECA!Q6:Q2194=2))} -> 0 | O21: {=SUMPRODUCT(--(DFMECA!N6:N2194=23),--(DFMECA!Q6:Q2194=3))} -> 0 | P21: {=SUMPRODUCT(--(DFMECA!N6:N2194=23),--(DFMECA!Q6:Q2194=4))} -> 0 | Q21: {=SUMPRODUCT(--(DFMECA!N6:N2194=23),--(DFMECA!Q6:Q2194=5))} -> 0
C22: 22 | D22: =C22*$D$44 -> 22 | E22: =C22*$E$44 -> 44 | F22: =C22*$F$44 -> 66 | G22: =C22*$G$44 -> 88 | H22: =C22*$H$44 -> 110 | L22: 22 | M22: {=SUMPRODUCT(--(DFMECA!N6:N2194=22),--(DFMECA!Q6:Q2194=1))} -> 0 | N22: {=SUMPRODUCT(--(DFMECA!N6:N2194=22),--(DFMECA!Q6:Q2194=2))} -> 0 | O22: {=SUMPRODUCT(--(DFMECA!N6:N2194=22),--(DFMECA!Q6:Q2194=3))} -> 0 | P22: {=SUMPRODUCT(--(DFMECA!N6:N2194=22),--(DFMECA!Q6:Q2194=4))} -> 0 | Q22: {=SUMPRODUCT(--(DFMECA!N6:N2194=22),--(DFMECA!Q6:Q2194=5))} -> 0
C23: 21 | D23: =C23*$D$44 -> 21 | E23: =C23*$E$44 -> 42 | F23: =C23*$F$44 -> 63 | G23: =C23*$G$44 -> 84 | H23: =C23*$H$44 -> 105 | L23: 21 | M23: {=SUMPRODUCT(--(DFMECA!N6:N2194=21),--(DFMECA!Q6:Q2194=1))} -> 0 | N23: {=SUMPRODUCT(--(DFMECA!N6:N2194=21),--(DFMECA!Q6:Q2194=2))} -> 0 | O23: {=SUMPRODUCT(--(DFMECA!N6:N2194=21),--(DFMECA!Q6:Q2194=3))} -> 0 | P23: {=SUMPRODUCT(--(DFMECA!N6:N2194=21),--(DFMECA!Q6:Q2194=4))} -> 0 | Q23: {=SUMPRODUCT(--(DFMECA!N6:N2194=21),--(DFMECA!Q6:Q2194=5))} -> 0
C24: 20 | D24: =C24*$D$44 -> 20 | E24: =C24*$E$44 -> 40 | F24: =C24*$F$44 -> 60 | G24: =C24*$G$44 -> 80 | H24: =C24*$H$44 -> 100 | L24: 20 | M24: {=SUMPRODUCT(--(DFMECA!N6:N2194=20),--(DFMECA!Q6:Q2194=1))} -> 0 | N24: {=SUMPRODUCT(--(DFMECA!N6:N2194=20),--(DFMECA!Q6:Q2194=2))} -> 0 | O24: {=SUMPRODUCT(--(DFMECA!N6:N2194=20),--(DFMECA!Q6:Q2194=3))} -> 0 | P24: {=SUMPRODUCT(--(DFMECA!N6:N2194=20),--(DFMECA!Q6:Q2194=4))} -> 0 | Q24: {=SUMPRODUCT(--(DFMECA!N6:N2194=20),--(DFMECA!Q6:Q2194=5))} -> 0
C25: 19 | D25: =C25*$D$44 -> 19 | E25: =C25*$E$44 -> 38 | F25: =C25*$F$44 -> 57 | G25: =C25*$G$44 -> 76 | H25: =C25*$H$44 -> 95 | L25: 19 | M25: {=SUMPRODUCT(--(DFMECA!N6:N2194=19),--(DFMECA!Q6:Q2194=1))} -> 0 | N25: {=SUMPRODUCT(--(DFMECA!N6:N2194=19),--(DFMECA!Q6:Q2194=2))} -> 0 | O25: {=SUMPRODUCT(--(DFMECA!N6:N2194=19),--(DFMECA!Q6:Q2194=3))} -> 0 | P25: {=SUMPRODUCT(--(DFMECA!N6:N2194=19),--(DFMECA!Q6:Q2194=4))} -> 0 | Q25: {=SUMPRODUCT(--(DFMECA!N6:N2194=19),--(DFMECA!Q6:Q2194=5))} -> 0
C26: 18 | D26: =C26*$D$44 -> 18 | E26: =C26*$E$44 -> 36 | F26: =C26*$F$44 -> 54 | G26: =C26*$G$44 -> 72 | H26: =C26*$H$44 -> 90 | L26: 18 | M26: {=SUMPRODUCT(--(DFMECA!N6:N2194=18),--(DFMECA!Q6:Q2194=1))} -> 0 | N26: {=SUMPRODUCT(--(DFMECA!N6:N2194=18),--(DFMECA!Q6:Q2194=2))} -> 0 | O26: {=SUMPRODUCT(--(DFMECA!N6:N2194=18),--(DFMECA!Q6:Q2194=3))} -> 0 | P26: {=SUMPRODUCT(--(DFMECA!N6:N2194=18),--(DFMECA!Q6:Q2194=4))} -> 0 | Q26: {=SUMPRODUCT(--(DFMECA!N6:N2194=18),--(DFMECA!Q6:Q2194=5))} -> 0
C27: 17 | D27: =C27*$D$44 -> 17 | E27: =C27*$E$44 -> 34 | F27: =C27*$F$44 -> 51 | G27: =C27*$G$44 -> 68 | H27: =C27*$H$44 -> 85 | L27: 17 | M27: {=SUMPRODUCT(--(DFMECA!N6:N2194=17),--(DFMECA!Q6:Q2194=1))} -> 0 | N27: {=SUMPRODUCT(--(DFMECA!N6:N2194=17),--(DFMECA!Q6:Q2194=2))} -> 0 | O27: {=SUMPRODUCT(--(DFMECA!N6:N2194=17),--(DFMECA!Q6:Q2194=3))} -> 0 | P27: {=SUMPRODUCT(--(DFMECA!N6:N2194=17),--(DFMECA!Q6:Q2194=4))} -> 0 | Q27: {=SUMPRODUCT(--(DFMECA!N6:N2194=17),--(DFMECA!Q6:Q2194=5))} -> 0
C28: 16 | D28: =C28*$D$44 -> 16 | E28: =C28*$E$44 -> 32 | F28: =C28*$F$44 -> 48 | G28: =C28*$G$44 -> 64 | H28: =C28*$H$44 -> 80 | L28: 16 | M28: {=SUMPRODUCT(--(DFMECA!N6:N2194=16),--(DFMECA!Q6:Q2194=1))} -> 0 | N28: {=SUMPRODUCT(--(DFMECA!N6:N2194=16),--(DFMECA!Q6:Q2194=2))} -> 0 | O28: {=SUMPRODUCT(--(DFMECA!N6:N2194=16),--(DFMECA!Q6:Q2194=3))} -> 0 | P28: {=SUMPRODUCT(--(DFMECA!N6:N2194=16),--(DFMECA!Q6:Q2194=4))} -> 0 | Q28: {=SUMPRODUCT(--(DFMECA!N6:N2194=16),--(DFMECA!Q6:Q2194=5))} -> 0
C29: 15 | D29: =C29*$D$44 -> 15 | E29: =C29*$E$44 -> 30 | F29: =C29*$F$44 -> 45 | G29: =C29*$G$44 -> 60 | H29: =C29*$H$44 -> 75 | L29: 15 | M29: {=SUMPRODUCT(--(DFMECA!N6:N2194=15),--(DFMECA!Q6:Q2194=1))} -> 0 | N29: {=SUMPRODUCT(--(DFMECA!N6:N2194=15),--(DFMECA!Q6:Q2194=2))} -> 0 | O29: {=SUMPRODUCT(--(DFMECA!N6:N2194=15),--(DFMECA!Q6:Q2194=3))} -> 0 | P29: {=SUMPRODUCT(--(DFMECA!N6:N2194=15),--(DFMECA!Q6:Q2194=4))} -> 0 | Q29: {=SUMPRODUCT(--(DFMECA!N6:N2194=15),--(DFMECA!Q6:Q2194=5))} -> 0
C30: 14 | D30: =C30*$D$44 -> 14 | E30: =C30*$E$44 -> 28 | F30: =C30*$F$44 -> 42 | G30: =C30*$G$44 -> 56 | H30: =C30*$H$44 -> 70 | L30: 14 | M30: {=SUMPRODUCT(--(DFMECA!N6:N2194=14),--(DFMECA!Q6:Q2194=1))} -> 0 | N30: {=SUMPRODUCT(--(DFMECA!N6:N2194=14),--(DFMECA!Q6:Q2194=2))} -> 0 | O30: {=SUMPRODUCT(--(DFMECA!N6:N2194=14),--(DFMECA!Q6:Q2194=3))} -> 0 | P30: {=SUMPRODUCT(--(DFMECA!N6:N2194=14),--(DFMECA!Q6:Q2194=4))} -> 0 | Q30: {=SUMPRODUCT(--(DFMECA!N6:N2194=14),--(DFMECA!Q6:Q2194=5))} -> 0
C31: 13 | D31: =C31*$D$44 -> 13 | E31: =C31*$E$44 -> 26 | F31: =C31*$F$44 -> 39 | G31: =C31*$G$44 -> 52 | H31: =C31*$H$44 -> 65 | L31: 13 | M31: {=SUMPRODUCT(--(DFMECA!N6:N2194=13),--(DFMECA!Q6:Q2194=1))} -> 0 | N31: {=SUMPRODUCT(--(DFMECA!N6:N2194=13),--(DFMECA!Q6:Q2194=2))} -> 0 | O31: {=SUMPRODUCT(--(DFMECA!N6:N2194=13),--(DFMECA!Q6:Q2194=3))} -> 0 | P31: {=SUMPRODUCT(--(DFMECA!N6:N2194=13),--(DFMECA!Q6:Q2194=4))} -> 0 | Q31: {=SUMPRODUCT(--(DFMECA!N6:N2194=13),--(DFMECA!Q6:Q2194=5))} -> 0
C32: 12 | D32: =C32*$D$44 -> 12 | E32: =C32*$E$44 -> 24 | F32: =C32*$F$44 -> 36 | G32: =C32*$G$44 -> 48 | H32: =C32*$H$44 -> 60 | L32: 12 | M32: {=SUMPRODUCT(--(DFMECA!N6:N2194=12),--(DFMECA!Q6:Q2194=1))} -> 0 | N32: {=SUMPRODUCT(--(DFMECA!N6:N2194=12),--(DFMECA!Q6:Q2194=2))} -> 0 | O32: {=SUMPRODUCT(--(DFMECA!N6:N2194=12),--(DFMECA!Q6:Q2194=3))} -> 0 | P32: {=SUMPRODUCT(--(DFMECA!N6:N2194=12),--(DFMECA!Q6:Q2194=4))} -> 0 | Q32: {=SUMPRODUCT(--(DFMECA!N6:N2194=12),--(DFMECA!Q6:Q2194=5))} -> 0
C33: 11 | D33: =C33*$D$44 -> 11 | E33: =C33*$E$44 -> 22 | F33: =C33*$F$44 -> 33 | G33: =C33*$G$44 -> 44 | H33: =C33*$H$44 -> 55 | L33: 11 | M33: {=SUMPRODUCT(--(DFMECA!N6:N2194=11),--(DFMECA!Q6:Q2194=1))} -> 0 | N33: {=SUMPRODUCT(--(DFMECA!N6:N2194=11),--(DFMECA!Q6:Q2194=2))} -> 0 | O33: {=SUMPRODUCT(--(DFMECA!N6:N2194=11),--(DFMECA!Q6:Q2194=3))} -> 0 | P33: {=SUMPRODUCT(--(DFMECA!N6:N2194=11),--(DFMECA!Q6:Q2194=4))} -> 0 | Q33: {=SUMPRODUCT(--(DFMECA!N6:N2194=11),--(DFMECA!Q6:Q2194=5))} -> 0
C34: 10 | D34: =C34*$D$44 -> 10 | E34: =C34*$E$44 -> 20 | F34: =C34*$F$44 -> 30 | G34: =C34*$G$44 -> 40 | H34: =C34*$H$44 -> 50 | L34: 10 | M34: {=SUMPRODUCT(--(DFMECA!N6:N2194=10),--(DFMECA!Q6:Q2194=1))} -> 0 | N34: {=SUMPRODUCT(--(DFMECA!N6:N2194=10),--(DFMECA!Q6:Q2194=2))} -> 0 | O34: {=SUMPRODUCT(--(DFMECA!N6:N2194=10),--(DFMECA!Q6:Q2194=3))} -> 0 | P34: {=SUMPRODUCT(--(DFMECA!N6:N2194=10),--(DFMECA!Q6:Q2194=4))} -> 0 | Q34: {=SUMPRODUCT(--(DFMECA!N6:N2194=10),--(DFMECA!Q6:Q2194=5))} -> 0
C35: 9 | D35: =C35*$D$44 -> 9 | E35: =C35*$E$44 -> 18 | F35: =C35*$F$44 -> 27 | G35: =C35*$G$44 -> 36 | H35: =C35*$H$44 -> 45 | L35: 9 | M35: {=SUMPRODUCT(--(DFMECA!N6:N2194=9),--(DFMECA!Q6:Q2194=1))} -> 0 | N35: {=SUMPRODUCT(--(DFMECA!N6:N2194=9),--(DFMECA!Q6:Q2194=2))} -> 3 | O35: {=SUMPRODUCT(--(DFMECA!N6:N2194=9),--(DFMECA!Q6:Q2194=3))} -> 0 | P35: {=SUMPRODUCT(--(DFMECA!N6:N2194=9),--(DFMECA!Q6:Q2194=4))} -> 0 | Q35: {=SUMPRODUCT(--(DFMECA!N6:N2194=9),--(DFMECA!Q6:Q2194=5))} -> 1
C36: 8 | D36: =C36*$D$44 -> 8 | E36: =C36*$E$44 -> 16 | F36: =C36*$F$44 -> 24 | G36: =C36*$G$44 -> 32 | H36: =C36*$H$44 -> 40 | L36: 8 | M36: {=SUMPRODUCT(--(DFMECA!N6:N2194=8),--(DFMECA!Q6:Q2194=1))} -> 0 | N36: {=SUMPRODUCT(--(DFMECA!N6:N2194=8),--(DFMECA!Q6:Q2194=2))} -> 6 | O36: {=SUMPRODUCT(--(DFMECA!N6:N2194=8),--(DFMECA!Q6:Q2194=3))} -> 0 | P36: {=SUMPRODUCT(--(DFMECA!N6:N2194=8),--(DFMECA!Q6:Q2194=4))} -> 1 | Q36: {=SUMPRODUCT(--(DFMECA!N6:N2194=8),--(DFMECA!Q6:Q2194=5))} -> 1
C37: 7 | D37: =C37*$D$44 -> 7 | E37: =C37*$E$44 -> 14 | F37: =C37*$F$44 -> 21 | G37: =C37*$G$44 -> 28 | H37: =C37*$H$44 -> 35 | L37: 7 | M37: {=SUMPRODUCT(--(DFMECA!N6:N2194=7),--(DFMECA!Q6:Q2194=1))} -> 0 | N37: {=SUMPRODUCT(--(DFMECA!N6:N2194=7),--(DFMECA!Q6:Q2194=2))} -> 0 | O37: {=SUMPRODUCT(--(DFMECA!N6:N2194=7),--(DFMECA!Q6:Q2194=3))} -> 0 | P37: {=SUMPRODUCT(--(DFMECA!N6:N2194=7),--(DFMECA!Q6:Q2194=4))} -> 0 | Q37: {=SUMPRODUCT(--(DFMECA!N6:N2194=7),--(DFMECA!Q6:Q2194=5))} -> 0
C38: 6 | D38: =C38*$D$44 -> 6 | E38: =C38*$E$44 -> 12 | F38: =C38*$F$44 -> 18 | G38: =C38*$G$44 -> 24 | H38: =C38*$H$44 -> 30 | L38: 6 | M38: {=SUMPRODUCT(--(DFMECA!N6:N2194=6),--(DFMECA!Q6:Q2194=1))} -> 0 | N38: {=SUMPRODUCT(--(DFMECA!N6:N2194=6),--(DFMECA!Q6:Q2194=2))} -> 126 | O38: {=SUMPRODUCT(--(DFMECA!N6:N2194=6),--(DFMECA!Q6:Q2194=3))} -> 136 | P38: {=SUMPRODUCT(--(DFMECA!N6:N2194=6),--(DFMECA!Q6:Q2194=4))} -> 0 | Q38: {=SUMPRODUCT(--(DFMECA!N6:N2194=6),--(DFMECA!Q6:Q2194=5))} -> 36
C39: 5 | D39: =C39*$D$44 -> 5 | E39: =C39*$E$44 -> 10 | F39: =C39*$F$44 -> 15 | G39: =C39*$G$44 -> 20 | H39: =C39*$H$44 -> 25 | L39: 5 | M39: {=SUMPRODUCT(--(DFMECA!N6:N2194=5),--(DFMECA!Q6:Q2194=1))} -> 0 | N39: {=SUMPRODUCT(--(DFMECA!N6:N2194=5),--(DFMECA!Q6:Q2194=2))} -> 0 | O39: {=SUMPRODUCT(--(DFMECA!N6:N2194=5),--(DFMECA!Q6:Q2194=3))} -> 0 | P39: {=SUMPRODUCT(--(DFMECA!N6:N2194=5),--(DFMECA!Q6:Q2194=4))} -> 0 | Q39: {=SUMPRODUCT(--(DFMECA!N6:N2194=5),--(DFMECA!Q6:Q2194=5))} -> 0
C40: 4 | D40: =C40*$D$44 -> 4 | E40: =C40*$E$44 -> 8 | F40: =C40*$F$44 -> 12 | G40: =C40*$G$44 -> 16 | H40: =C40*$H$44 -> 20 | L40: 4 | M40: {=SUMPRODUCT(--(DFMECA!N6:N2194=4),--(DFMECA!Q6:Q2194=1))} -> 0 | N40: {=SUMPRODUCT(--(DFMECA!N6:N2194=4),--(DFMECA!Q6:Q2194=2))} -> 24 | O40: {=SUMPRODUCT(--(DFMECA!N6:N2194=4),--(DFMECA!Q6:Q2194=3))} -> 13 | P40: {=SUMPRODUCT(--(DFMECA!N6:N2194=4),--(DFMECA!Q6:Q2194=4))} -> 0 | Q40: {=SUMPRODUCT(--(DFMECA!N6:N2194=4),--(DFMECA!Q6:Q2194=5))} -> 46
C41: 3 | D41: =C41*$D$44 -> 3 | E41: =C41*$E$44 -> 6 | F41: =C41*$F$44 -> 9 | G41: =C41*$G$44 -> 12 | H41: =C41*$H$44 -> 15 | L41: 3 | M41: {=SUMPRODUCT(--(DFMECA!N6:N2194=3),--(DFMECA!Q6:Q2194=1))} -> 2 | N41: {=SUMPRODUCT(--(DFMECA!N6:N2194=3),--(DFMECA!Q6:Q2194=2))} -> 235 | O41: {=SUMPRODUCT(--(DFMECA!N6:N2194=3),--(DFMECA!Q6:Q2194=3))} -> 175 | P41: {=SUMPRODUCT(--(DFMECA!N6:N2194=3),--(DFMECA!Q6:Q2194=4))} -> 0 | Q41: {=SUMPRODUCT(--(DFMECA!N6:N2194=3),--(DFMECA!Q6:Q2194=5))} -> 106
C42: 2 | D42: =C42*$D$44 -> 2 | E42: =C42*$E$44 -> 4 | F42: =C42*$F$44 -> 6 | G42: =C42*$G$44 -> 8 | H42: =C42*$H$44 -> 10 | L42: 2 | M42: {=SUMPRODUCT(--(DFMECA!N6:N2194=2),--(DFMECA!Q6:Q2194=1))} -> 0 | N42: {=SUMPRODUCT(--(DFMECA!N6:N2194=2),--(DFMECA!Q6:Q2194=2))} -> 92 | O42: {=SUMPRODUCT(--(DFMECA!N6:N2194=2),--(DFMECA!Q6:Q2194=3))} -> 34 | P42: {=SUMPRODUCT(--(DFMECA!N6:N2194=2),--(DFMECA!Q6:Q2194=4))} -> 0 | Q42: {=SUMPRODUCT(--(DFMECA!N6:N2194=2),--(DFMECA!Q6:Q2194=5))} -> 240
C43: 1 | D43: =C43*$D$44 -> 1 | E43: =C43*$E$44 -> 2 | F43: =C43*$F$44 -> 3 | G43: =C43*$G$44 -> 4 | H43: =C43*$H$44 -> 5 | L43: 1 | M43: {=SUMPRODUCT(--(DFMECA!N6:N2194=1),--(DFMECA!Q6:Q2194=1))} -> 0 | N43: {=SUMPRODUCT(--(DFMECA!N6:N2194=1),--(DFMECA!Q6:Q2194=2))} -> 131 | O43: {=SUMPRODUCT(--(DFMECA!N6:N2194=1),--(DFMECA!Q6:Q2194=3))} -> 59 | P43: {=SUMPRODUCT(--(DFMECA!N6:N2194=1),--(DFMECA!Q6:Q2194=4))} -> 2 | Q43: {=SUMPRODUCT(--(DFMECA!N6:N2194=1),--(DFMECA!Q6:Q2194=5))} -> 669
D44: 1 | E44: 2 | F44: 3 | G44: 4 | H44: 5 | M44: 1 | N44: 2 | O44: 3 | P44: 4 | Q44: 5
D45: Detection | M45: Detection
L47: Total risks: | Q47: =SUM(M19:M43)+SUM(N19:N43)+SUM(O19:O43)+SUM(P19:P43)+SUM(Q19:Q43) -> 2138
L48: Total risks require mitigation based on S x O x D: | Q48: =N19+SUM(O19:O27)+SUM(P19:P31)+SUM(Q19:Q34) -> 0

Sheet S-O-D Definitions
B2: Severity, or Consequence Evaluation Criteria: Worst Case Evaluation of Failure Mode | G2: Occurrence: Probability of occurrence within the product life based on the design as is exists today
B3: Score | C3: Criteria | D3: Notes | E3: Example | G3: Score | H3: Notes | I3: Probability Description | J3: Probability
B4: 5 | C4: Failure causes death or causes transmission line open circuit, full or partial fault protection compromised. | D4: Extremely hazardous failure, threatening to business continuity. | E4: Fault detection mechanism failure . IGBT shorting the capacitor bank. Power to one or more SCR driver boards discontinued while unit is in injection mode. Mechanical failure causing line to open. | G4: 5 | H4: Very high probability | I4: 1 in 10 or greater | J4: 0.1 ≤ Po
B5: 4 | C5: Failure causes severe injury to personnel requiring hospitalization, severe property damage such as damage to a structure, transmission line damage, major damage to system other than transmission line requiring immediate interruption of line service, loss of control of SmartValve v1.04 when in Injection Mode, device is forced to monitoring mode, with reduced fault protection (i.e. redundancy compromised). | D5: Highly hazardous failure, threatening to business reputation. | E5: iiDCE RF communication loss in injection mode. iiDCE losing control of SCRs. | G5: 4 | H5: High probability | I5: 1 in 100 or greater | J5: 0.01 ≤ Po < 0.1
B6: 3 | C6: Failure causes minor injury to personnel requiring out-patient treatment, moderate property damage not involving a structure, moderate system damage other than transmission line that requires future interruption of line service to repair, loss of control of SmartValve v1.04 when in Monitoring Mode, device is forced to monitoring mode with full fault protection available. | D6: Moderately hazardous failure, threatening to product reputation. | E6: iiDCE RF communication loss in monitoring mode. Any control boards' failure, forcing device to monitoring mode. Mechanical failure causing enclosure temperature to rise, forcing device to stay in monitoring mode. | G6: 3 | H6: Moderate probability | I6: 1 in 1,000 or greater | J6: 0.001 ≤ Po < 0.01
B7: 2 | C7: Failure causes minor property damage, minor system damage other than primary conductor or loss of SmartValve v1.04 such as loss of performance, unit forced into Monitoring Mode, or significant impact on unit life | D7: Minor hazard, minor consequence. | E7: Rise in on-board power losses, impacting components' life, Clamp board feedback not available. | G7: 2 | H7: Low probability | I7: 1 in 10,000 or greater | J7: 0.0001 ≤ Po < 0.001
B8: 1 | C8: Failure causes unscheduled maintenance, no immediate loss of performance. | D8: No hazard. | E8: On-board noise filtration compromised. One of many bolts failure. | G8: 1 | H8: Remote probability | I8: Less than 1 in 10,000 | J8: Po < 0.0001
B10: Detection: Likelihood of failure mode detection by design | I10: Target product life for the purposes of this FMECA is 40 years.
B11: Score | C11: Description | D11: Criteria | E11: Definition
B12: 5 | C12: Very remote probability to absolute uncertainty of detection | D12: Design will not and/or cannot detect the potential cause/mechanism or subsequent failure mode, or the likelihood of detection is very remote. | E12: PD < 0.1 | G12: RPN Conditions | H12: Color
B13: 4 | C13: Very low to remote probability of detection | D13: Design has a very low to remote likelihood of detecting the potential cause/mechanism or subsequent failure mode. | E13: 0.1 ≤ PD < 0.5 | G13: Value ≥ 70
B14: 3 | C14: Moderate to low probability of detection | D14: Design has a moderate to low likelihood of detecting the potential cause/mechanism or subsequent failure mode. | E14: 0.5 ≤ PD < 0.95 | G14: 70 > Value ≥ 60
B15: 2 | C15: High to moderately high probability of detection | D15: Design has a high to moderately high likelihood of detecting the potential cause/mechanism or subsequent failure mode. | E15: 0.95 ≤ PD < 0.995 | G15: 60 > Value ≥ 50
B16: 1 | C16: Almost certain to very high probability of detection | D16: Design has an almost certain chance of detecting the potential cause/mechanism or subsequent failure mode or the likelihood of detection is very high. | E16: 0.995 ≤ PD | G16: Value < 50
C50: Review Status
C51: Approved
C52: Reviewed by QA
C53: Review Pending

Sheet Bypass - Architecture

Sheet MVAr - Architecture

Sheet Functional Block Diagram

Sheet DFMECA
A1: ID. | B1: Component | C1: Reference Designator | D1: Functional Testing. Requirement | E1: Potential Failure Mode | F1: Potential Effect(s) of Failure | J1: Severity Score | K1: Potential Causes / Triggers of Failure | L1: Failure Safeguards | M1: Occurrence Score | N1: S x O | O1: Existing Conditions | R1: RPN (S x O x D) | S1: Telemetry | T1: Alert Message | U1: Alert Code | V1: Recommended Action(s) / Remarks | W1: Reporting Team Member | X1: Target Completion Date | Y1: Action Results | AD1: Status
F2: Local - Effect at the sub assembly or component level | G2: Higher Level - Effect at SmartValve v1.04 | H2: Potential Effect on CLB State | I2: End - Effect at System Level | O2: Verification & Validation Method | P2: Detection Method | Q2: Detection Score | Y2: Actions Taken | Z2: Severity Score | AA2: Occurrence Score | AB2: Detection Score | AC2: New RPN
B3: iiSC Board Rev5 (P111191) | AF3: =VALUE(RIGHT((IF(A3="",0,A3)),5)) -> 0
B4: iiSC Board - Power Supply Section | AF4: =VALUE(RIGHT((IF(A4="",0,A4)),5)) -> 0
B5: EMC Filter - HV_ISO & UPSB Board Interface | AF5: =VALUE(RIGHT((IF(A5="",0,A5)),5)) -> 0
A6: SV104-1749 | B6: Input connectors. | C6: J8, J14 | D6: Input power connector. | E6: Cable breaks for 24 VDC from one of the two input connectors. | F6: Power will be available from the redundant connector. iiSC sensing of "Line Current" and "DC link's Voltages" will be affected. | G6: Device will keep working normally if it is in Injection. If the device is in Monitoring mode, the iiSC will shut down and will be declared offline. | H6: Heartbeat of iiSC board to CLB board will stop. | I6: Affected device and its associated group of devices will keep injecting at 90 % of rated capacity. System will keep working normally with slightly reduced capability. | J6: 3 | K6: Connector issue. Cable failure. | L6: Usage of over-rated components. Using components with industrial grade scale. Choosing components with enough FIT rate to fulfil the product life requirements. | M6: 2 | N6: =J6*M6 -> 6 | O6: Functional Testing. Thermal and Relative Humidity Testing. Condensed Humidity Testing. EFT Testing. Vibration Testing. ATM Testing. MVAr Testing. Pre-Cosure Testing. EOL Testing. | P6: Loss of communication between iiDCE and iiSC. | Q6: 3 | R6: =J6*M6*Q6 -> 18 | AC6: =Z6*AA6*AB6 -> 0 | AD6: Reviewed by QA | AF6: =VALUE(RIGHT((IF(A6="",0,A6)),5)) -> -1749
A7: SV104-1750 | E7: Cables break for 24 VDC from both input connectors. | F7: No power will be available for iiSC._x000D_ _x000D_ iiSC sensing of "Line Current" and "DC link's Voltages" will be affected. | G7: Device will transit to monitoring state. | H7: Heartbeat of iiSC board to CLB board will stop. | I7: Affected device and its associated group of devices will transit to monitoring mode._x000D_ _x000D_ System will keep working with reduced injection capability._x000D_ | J7: 3 | K7: DE soldering issue due to vibration. Degradation of solder joint. Assembly issue. | L7: Usage of over-rated components. Using components with industrial grade scale. Choosing components with enough FIT rate to fulfil the product life requirements. | M7: 1 | N7: =J7*M7 -> 3 | O7: Functional Testing. Thermal and Relative Humidity Testing. Condensed Humidity Testing. EFT Testing. Vibration Testing. ATM Testing. MVAr Testing. Pre-Cosure Testing. EOL Testing. | P7: Loss of communication between iiDCE and iiSC. | Q7: 3 | R7: =J7*M7*Q7 -> 9 | AF7: =VALUE(RIGHT((IF(A7="",0,A7)),5)) -> -1750
A8: SV104-12412 | B8: Ring terminal to ground connector. | C8: J11 | D8: To provide ground the shield on IDC cables. | E8: Harness/connector failure. | F8: Grounding will be affected. | G8: Device will keep working normally. | H8: CLB will have no effect | I8: System will keep working normally. | J8: 1 | K8: Cable breaks or connector disengaged. | L8: None. | M8: 2 | N8: =J8*M8 -> 2 | O8: Functional Testing. Thermal and Relative Humidity Testing. Condensed Humidity Testing. EFT Testing. Vibration Testing. ATM Testing. MVAr Testing. Pre-Cosure Testing. EOL Testing. | P8: None. | Q8: 5 | R8: =J8*M8*Q8 -> 10 | AC8: =Z8*AA8*AB8 -> 0 | AF8: =VALUE(RIGHT((IF(A8="",0,A8)),5)) -> 12412
A9: SV104-12413 | B9: Incoming Supply from HVT - TVS Diode. | C9: D70 | D9: Protection from transients. | E9: TVS diode fails-short. | F9: Input from HV_ISO board RAIL1_A will be shorted to RAIL1B. If in monitoring mode then no power will be available for iiSC board. | G9: Device will keep working normally if it is in Injection. If the device is in Monitoring mode, the iiSC will shut down and will be declared offline. | H9: Heartbeat of iiSC board to CLB board will stop. | I9: Affected device and its associated group of devices will keep injecting at 90 % of rated capacity. System will keep working normally with slightly reduced capability. | J9: 3 | K9: Over voltage. De-gradation of components. | L9: Usage of over-rated components. Using components with industrial grade scale. Choosing components with enough FIT rate to fulfil the product life requirements. | M9: 2 | N9: =J9*M9 -> 6 | O9: Functional Testing. Thermal and Relative Humidity Testing. Condensed Humidity Testing. EFT Testing. Vibration Testing. ATM Testing. MVAr Testing. Pre-Cosure Testing. EOL Testing. | P9: Loss of communication between iiDCE and iiSC. | Q9: 3 | R9: =J9*M9*Q9 -> 18 | AF9: =VALUE(RIGHT((IF(A9="",0,A9)),5)) -> 12413
A10: SV104 - 14650 | F10: Input from HV_ISO board RAIL1_A will be shorted to RAIL1B. If in injection mode , UPSB board will power the iiSC board from 24V supply | G10: Device will keep working normally. | H10: CLB will have no effect | I10: System will keep working normally. | J10: 2 | K10: Over voltage. De-gradation of components. | L10: Usage of over-rated components. Using components with industrial grade scale. Choosing components with enough FIT rate to fulfil the product life requirements. | M10: 2 | N10: =J10*M10 -> 4 | O10: Functional Testing. Thermal and Relative Humidity Testing. Condensed Humidity Testing. EFT Testing. Vibration Testing. ATM Testing. MVAr Testing. Pre-Cosure Testing. EOL Testing. | P10: Loss of communication between iiDCE and iiSC. | Q10: 3 | R10: =J10*M10*Q10 -> 12 | AF10: =VALUE(RIGHT((IF(A10="",0,A10)),5)) -> 14650
A11: SV104-12414 | E11: TVS diode fails-open. | F11: Transient protection will be compromised. No immediate effect will be observed. | G11: Device will keep working normally. | H11: CLB will have no effect | I11: System will keep working normally. | J11: 2 | K11: Over voltage. De-gradation of components. | L11: Usage of over-rated components. Using components with industrial grade scale. Choosing components with enough FIT rate to fulfil the product life requirements. | M11: 2 | N11: =J11*M11 -> 4 | O11: Functional Testing. Thermal and Relative Humidity Testing. Condensed Humidity Testing. EFT Testing. Vibration Testing. ATM Testing. MVAr Testing. Pre-Cosure Testing. EOL Testing. | P11: None. | Q11: 5 | R11: =J11*M11*Q11 -> 20 | AF11: =VALUE(RIGHT((IF(A11="",0,A11)),5)) -> 12414
A12: SV104-12415 | B12: Incoming Supply from UPSB - TVS Diode. | C12: D71 | D12: Protection from transients. | E12: TVS diode fails-short. | F12: Input from UPSB board RAIL1_A will be shorted to RAIL1B. Power will be available from the HV_ISO board. No immediate effect will be observed. | G12: Device will keep working normally. | H12: CLB will have no effect | I12: System will keep working normally. | J12: 2 | K12: Over voltage. De-gradation of components. | L12: Usage of over-rated components. Using components with industrial grade scale. Choosing components with enough FIT rate to fulfil the product life requirements. | M12: 2 | N12: =J12*M12 -> 4 | O12: Functional Testing. Thermal and Relative Humidity Testing. Condensed Humidity Testing. EFT Testing. Vibration Testing. ATM Testing. MVAr Testing. Pre-Cosure Testing. EOL Testing. | P12: None. | Q12: 5 | R12: =J12*M12*Q12 -> 20 | AF12: =VALUE(RIGHT((IF(A12="",0,A12)),5)) -> 12415
A13: SV104-12416 | E13: TVS diode fails-open. | F13: Transient protection will be compromised. No immediate effect will be observed. | G13: Device will keep working normally. | H13: CLB will have no effect | I13: System will keep working normally. | J13: 2 | K13: Over voltage. De-gradation of components. | L13: Usage of over-rated components. Using components with industrial grade scale. Choosing components with enough FIT rate to fulfil the product life requirements. | M13: 2 | N13: =J13*M13 -> 4 | O13: Functional Testing. Thermal and Relative Humidity Testing. Condensed Humidity Testing. EFT Testing. Vibration Testing. ATM Testing. MVAr Testing. Pre-Cosure Testing. EOL Testing. | P13: None. | Q13: 5 | R13: =J13*M13*Q13 -> 20 | AF13: =VALUE(RIGHT((IF(A13="",0,A13)),5)) -> 12416
A14: SV104 - 5905 | B14: Incoming Supply from HVT - On-board LED Indication and resistor. | C14: D66, R553, R554 | D14: To provide on-board LED indication. | E14: Resistor fails-open. | F14: Overall resistance of path will be increased. LED may get slightly dimmer. No immediate effect will be observed. | G14: Device will keep working normally. | H14: CLB will have no effect | I14: System will keep working normally. | J14: 1 | K14: Over voltage. De-gradation of components. | L14: Usage of over-rated components. Using components with industrial grade scale. Choosing components with enough FIT rate to fulfil the product life requirements. | M14: 1 | N14: =J14*M14 -> 1 | O14: Functional Testing. Thermal and Relative Humidity Testing. Condensed Humidity Testing. EFT Testing. Vibration Testing. ATM Testing. MVAr Testing. Pre-Cosure Testing. EOL Testing. | P14: None. | Q14: 5 | R14: =J14*M14*Q14 -> 5 | AF14: =VALUE(RIGHT((IF(A14="",0,A14)),5)) -> 5905
A15: SV104 - 5906 | E15: Resistor fails-short. | F15: Over-current will eventually cause resistor to fail-open. Overall resistance of path will be increased. LED may get slightly dimmer. No immediate effect will be observed. | G15: Device will keep working normally. | H15: CLB will have no effect | I15: System will keep working normally. | J15: 1 | K15: Over voltage. De-gradation of components. | L15: Usage of over-rated components. Using components with industrial grade scale. Choosing components with enough FIT rate to fulfil the product life requirements. | M15: 1 | N15: =J15*M15 -> 1 | O15: Functional Testing. Thermal and Relative Humidity Testing. Condensed Humidity Testing. EFT Testing. Vibration Testing. ATM Testing. MVAr Testing. Pre-Cosure Testing. EOL Testing. | P15: None. | Q15: 5 | R15: =J15*M15*Q15 -> 5 | AF15: =VALUE(RIGHT((IF(A15="",0,A15)),5)) -> 5906
A16: SV104 - 5907 | E16: LED fails-open. | F16: LED will not light-up. No immediate effect will be observed. | G16: Device will keep working normally. | H16: CLB will have no effect | I16: System will keep working normally. | J16: 1 | K16: Over voltage. De-gradation of components. | L16: Usage of over-rated components. Using components with industrial grade scale. Choosing components with enough FIT rate to fulfil the product life requirements. | M16: 1 | N16: =J16*M16 -> 1 | O16: Functional Testing. Thermal and Relative Humidity Testing. Condensed Humidity Testing. EFT Testing. Vibration Testing. ATM Testing. MVAr Testing. Pre-Cosure Testing. EOL Testing. | P16: None. | Q16: 5 | R16: =J16*M16*Q16 -> 5 | AF16: =VALUE(RIGHT((IF(A16="",0,A16)),5)) -> 5907
A17: SV104 - 5908 | E17: LED fails-short. | F17: Over-current will eventually cause LED to fail-open. LED will not light-up. No immediate effect will be observed. | G17: Device will keep working normally. | H17: CLB will have no effect | I17: System will keep working normally. | J17: 1 | K17: Over voltage. De-gradation of components. | L17: Usage of over-rated components. Using components with industrial grade scale. Choosing components with enough FIT rate to fulfil the product life requirements. | M17: 1 | N17: =J17*M17 -> 1 | O17: Functional Testing. Thermal and Relative Humidity Testing. Condensed Humidity Testing. EFT Testing. Vibration Testing. ATM Testing. MVAr Testing. Pre-Cosure Testing. EOL Testing. | P17: None. | Q17: 5 | R17: =N17*Q17 -> 5 | AF17: =VALUE(RIGHT((IF(A17="",0,A17)),5)) -> 5908
A18: SV104-12417 | B18: Incoming Supply from UPSB - On-board LED Indication and resistor. | C18: D67, R555, R556 | D18: To provide on-board LED indication. | E18: Resistor fails-open. | F18: Overall resistance of path will be increased. LED may get slightly dimmer. No immediate effect will be observed. | G18: Device will keep working normally. | H18: CLB will have no effect | I18: System will keep working normally. | J18: 1 | K18: Over voltage. De-gradation of components. | L18: Usage of over-rated components. Using components with industrial grade scale. Choosing components with enough FIT rate to fulfil the product life requirements. | M18: 1 | N18: =J18*M18 -> 1 | O18: Functional Testing. Thermal and Relative Humidity Testing. Condensed Humidity Testing. EFT Testing. Vibration Testing. ATM Testing. MVAr Testing. Pre-Cosure Testing. EOL Testing. | P18: None. | Q18: 5 | R18: =N18*Q18 -> 5 | AF18: =VALUE(RIGHT((IF(A18="",0,A18)),5)) -> 12417
A19: SV104-12418 | E19: Resistor fails-short. | F19: Over-current will eventually cause resistor to fail-open. Overall resistance of path will be increased. LED may get slightly dimmer. No immediate effect will be observed. | G19: Device will keep working normally. | H19: CLB will have no effect | I19: System will keep working normally. | J19: 1 | K19: Over voltage. De-gradation of components. | L19: Usage of over-rated components. Using components with industrial grade scale. Choosing components with enough FIT rate to fulfil the product life requirements. | M19: 1 | N19: =J19*M19 -> 1 | O19: Functional Testing. Thermal and Relative Humidity Testing. Condensed Humidity Testing. EFT Testing. Vibration Testing. ATM Testing. MVAr Testing. Pre-Cosure Testing. EOL Testing. | P19: None. | Q19: 5 | R19: =N19*Q19 -> 5 | AF19: =VALUE(RIGHT((IF(A19="",0,A19)),5)) -> 12418
A20: SV104-12419 | E20: LED fails-open. | F20: LED will not light-up. No immediate effect will be observed. | G20: Device will keep working normally. | H20: CLB will have no effect | I20: System will keep working normally. | J20: 1 | K20: Over voltage. De-gradation of components. | L20: Usage of over-rated components. Using components with industrial grade scale. Choosing components with enough FIT rate to fulfil the product life requirements. | M20: 1 | N20: =J20*M20 -> 1 | O20: Functional Testing. Thermal and Relative Humidity Testing. Condensed Humidity Testing. EFT Testing. Vibration Testing. ATM Testing. MVAr Testing. Pre-Cosure Testing. EOL Testing. | P20: None. | Q20: 5 | R20: =N20*Q20 -> 5 | AF20: =VALUE(RIGHT((IF(A20="",0,A20)),5)) -> 12419
A21: SV104-12420 | E21: LED fails-short. | F21: Over-current will eventually cause LED to fail-open. LED will not light-up. No immediate effect will be observed. | G21: Device will keep working normally. | H21: CLB will have no effect | I21: System will keep working normally. | J21: 1 | K21: Over voltage. De-gradation of components. | L21: Usage of over-rated components. Using components with industrial grade scale. Choosing components with enough FIT rate to fulfil the product life requirements. | M21: 1 | N21: =J21*M21 -> 1 | O21: Functional Testing. Thermal and Relative Humidity Testing. Condensed Humidity Testing. EFT Testing. Vibration Testing. ATM Testing. MVAr Testing. Pre-Cosure Testing. EOL Testing. | P21: None. | Q21: 5 | R21: =N21*Q21 -> 5 | AF21: =VALUE(RIGHT((IF(A21="",0,A21)),5)) -> 12420
A22: SV104-1599 | B22: Common mode choke. (L8, L29) | C22: L8, L29 | D22: To filter noise. | E22: Winding of HV_ISO common mode chokes fails-open when system is in monitoring mode. | F22: 1) if in monitoring mode then no power will be available for iiSC board. | G22: Device will remain in monitoring state and will be unable to move to injection mode. | H22: Heartbeat of iiSC board to CLB board will stop. | I22: Affected device and its associated group of devices will transit to monitoring mode._x000D_ _x000D_ System will keep working with reduced injection capability._x000D_ | J22: 3 | K22: DE soldering issue due to vibration. Degradation of solder joint. Assembly issue. | L22: Usage of over-rated components. Using components with industrial grade scale. Choosing components with enough FIT rate to fulfil the product life requirements. | M22: 2 | N22: =J22*M22 -> 6 | O22: Functional Testing. Thermal and Relative Humidity Testing. Condensed Humidity Testing. EFT Testing. Vibration Testing. ATM Testing. MVAr Testing. Pre-Cosure Testing. EOL Testing. | P22: Loss of communication between iiDCE and iiSC. | Q22: 2 | R22: =J22*M22*Q22 -> 12 | AC22: =Z22*AA22*AB22 -> 0 | AF22: =VALUE(RIGHT((IF(A22="",0,A22)),5)) -> -1599
A23: SV104-11391 | E23: Winding of HV_ISO common mode chokes fails-open when system is in Injection mode. | F23: 2) if in injection mode , UPSB board will power the iiSC board from 24V supply | G23: Device will keep working normally. | H23: CLB will have no effect | I23: System will keep working normally. | J23: 2 | K23: DE soldering issue due to vibration. Degradation of solder joint. Assembly issue. | L23: Redundant input power supply paths. Followed assembly verification process. | M23: 2 | N23: 6 | O23: Functional Testing. Thermal and Relative Humidity Testing. Condensed Humidity Testing. EFT Testing. Vibration Testing. ATM Testing. MVAr Testing. Pre-Cosure Testing. EOL Testing. | P23: None. | Q23: 5 | R23: =Q23*N23 -> 30 | AF23: =VALUE(RIGHT((IF(A23="",0,A23)),5)) -> 11391
A24: SV104-11392 | E24: Winding of UPSB common mode choke fails open | F24: Power will be available from the redundant supply path in both monitoring mode and injection mode. No immediate effect at iiSC, but it will lose redundant input power supply. | G24: Device will keep working normally. | H24: CLB will have no effect | I24: System will keep working normally. | J24: 2 | K24: DE soldering issue due to vibration. Degradation of solder joint. Assembly issue. | L24: Redundant input power supply paths. Followed assembly verification process. | M24: 1 | N24: 6 | O24: Functional Testing. Thermal and Relative Humidity Testing. Condensed Humidity Testing. EFT Testing. Vibration Testing. ATM Testing. MVAr Testing. Pre-Cosure Testing. EOL Testing. | P24: None. | Q24: 5 | R24: =Q24*N24 -> 30 | AF24: =VALUE(RIGHT((IF(A24="",0,A24)),5)) -> 11392
A25: SV104-1600 | E25: Winding of both of common mode chokes fail-open. | F25: No power will be available for iiSC._x000D_ _x000D_ All iiGD boards will switch to safe state. | G25: Device will transit to monitoring state. | H25: Heartbeat of iiSC board to CLB board will stop. | I25: Affected device and its associated group of devices will transit to monitoring mode._x000D_ _x000D_ System will keep working with reduced injection capability._x000D_ | J25: 3 | K25: DE soldering issue due to vibration. Degradation of solder joint. Assembly issue. | L25: Usage of over-rated components. Using components with industrial grade scale. Choosing components with enough FIT rate to fulfil the product life requirements. | M25: 1 | N25: =J25*M25 -> 3 | O25: Functional Testing. Thermal and Relative Humidity Testing. Condensed Humidity Testing. EFT Testing. Vibration Testing. ATM Testing. MVAr Testing. Pre-Cosure Testing. EOL Testing. | P25: Loss of communication between iiDCE and iiSC. | Q25: 3 | R25: =J25*M25*Q25 -> 9 | AC25: =Z25*AA25*AB25 -> 0 | AF25: =VALUE(RIGHT((IF(A25="",0,A25)),5)) -> -1600
A26: SV104-1601 | E26: Winding of common mode choke of supply from HV_ISO board fails-short. | F26: Supply from HV_ISO board will be shorted. No power will be available for iiSC in monitoring mode. All iiGD boards will switch to off safe state. | G26: Device will transit to monitoring state. | H26: Heartbeat of iiSC board to CLB board will stop. | I26: Affected device and its associated group of devices will transit to monitoring mode._x000D_ _x000D_ System will keep working with reduced injection capability._x000D_ | J26: 3 | K26: Degradation of winding insulation. Degradation of solder joint. | L26: Usage of over-rated components. Using components with industrial grade scale. Choosing components with enough FIT rate to fulfil the product life requirements. | M26: 2 | N26: =J26*M26 -> 6 | O26: Functional Testing. Thermal and Relative Humidity Testing. Condensed Humidity Testing. EFT Testing. Vibration Testing. ATM Testing. MVAr Testing. Pre-Cosure Testing. EOL Testing. | P26: Loss of communication between iiDCE and iiSC. | Q26: 3 | R26: =J26*M26*Q26 -> 18 | V26: Input required from Power team. | AC26: =Z26*AA26*AB26 -> 0 | AF26: =VALUE(RIGHT((IF(A26="",0,A26)),5)) -> -1601
A27: SV104-9818 | E27: Winding of common mode choke of supply from UPSB board fails-short. | F27: Supply from UPSB board will be shorted. No redundant power will be available for iiSC in injection mode. | G27: Device will keep working normally with reduced injection capability as long as power from HV_ISO is available. | H27: CLB will have no effect | I27: System will keep working normally. | J27: 2 | K27: Degradation of winding insulation. Degradation of solder joint. | L27: Supply from HV_ISO board will be available. | M27: 1 | N27: =J27*M27 -> 2 | O27: Functional Testing. Thermal and Relative Humidity Testing. Condensed Humidity Testing. EFT Testing. Vibration Testing. ATM Testing. MVAr Testing. Pre-Cosure Testing. EOL Testing. | P27: None. | Q27: 5 | R27: =J27*M27*Q27 -> 10 | AF27: =VALUE(RIGHT((IF(A27="",0,A27)),5)) -> -9818
A28: SV104-1602 | E28: Winding of both of common mode chokes fail-short. | F28: No power will be available for iiSC. All iiGD boards will switch to safe off state. | G28: Device will transit to monitoring state. | H28: Heartbeat of iiSC board to CLB board will stop. | I28: Affected device and its associated group of devices will transit to monitoring mode._x000D_ _x000D_ System will keep working with reduced injection capability._x000D_ | J28: 3 | K28: Degradation of winding insulation. Degradation of solder joint. | L28: Usage of over-rated components. Using components with industrial grade scale. Choosing components with enough FIT rate to fulfil the product life requirements. | M28: 1 | N28: =J28*M28 -> 3 | O28: Functional Testing. Thermal and Relative Humidity Testing. Condensed Humidity Testing. EFT Testing. Vibration Testing. ATM Testing. MVAr Testing. Pre-Cosure Testing. EOL Testing. | P28: Loss of communication between iiDCE and iiSC. | Q28: 3 | R28: =J28*M28*Q28 -> 9 | V28: Input required from Power team. | AC28: =Z28*AA28*AB28 -> 0 | AF28: =VALUE(RIGHT((IF(A28="",0,A28)),5)) -> -1602
A29: SV104-12421 | B29: Incoming Supply from HVT board - Inductor | C29: L7 | D29: To Suppress the in-rush current. | E29: Inductor fails-short. | F29: Transient protection will be compromised. No immediate effect will be observed. | G29: Device will keep working normally. | H29: CLB will have no effect | I29: System will keep working normally. | J29: 1 | K29: Over voltage. De-gradation of components. | L29: Usage of over-rated components. Using components with industrial grade scale. Choosing components with enough FIT rate to fulfil the product life requirements. | M29: 1 | N29: =J29*M29 -> 1 | O29: Functional Testing. Thermal and Relative Humidity Testing. Condensed Humidity Testing. EFT Testing. Vibration Testing. ATM Testing. MVAr Testing. Pre-Cosure Testing. EOL Testing. | P29: None. | Q29: 5 | R29: =J29*M29*Q29 -> 5 | AF29: =VALUE(RIGHT((IF(A29="",0,A29)),5)) -> 12421
A30: SV104-12422 | E30: Inductor fails-open. | F30: HVT supply path will be broken. Power will not be available if system s in monitoring mode. | G30: Device will transit to monitoring state. | H30: Heartbeat of iiSC board to CLB board will stop. | I30: Affected device and its associated group of devices will transit to monitoring mode._x000D_ _x000D_ System will keep working with reduced injection capability._x000D_ | J30: 3 | K30: Degradation of winding insulation. Degradation of solder joint. | L30: Usage of over-rated components. Using components with industrial grade scale. Choosing components with enough FIT rate to fulfil the product life requirements. | M30: 1 | N30: =J30*M30 -> 3 | O30: Functional Testing. Thermal and Relative Humidity Testing. Condensed Humidity Testing. EFT Testing. Vibration Testing. ATM Testing. MVAr Testing. Pre-Cosure Testing. EOL Testing. | P30: Loss of communication between iiDCE and iiSC. | Q30: 3 | R30: =J30*M30*Q30 -> 9 | AF30: =VALUE(RIGHT((IF(A30="",0,A30)),5)) -> 12422
A31: SV104-12423 | B31: Incoming Supply from UPSB board - Inductor | C31: L28 | D31: To Suppress the in-rush current. | E31: Inductor fails-short. | F31: Transient protection will be compromised. No immediate effect will be observed. | G31: Device will keep working normally. | H31: CLB will have no effect | I31: System will keep working normally. | J31: 1 | K31: Electrical overstress._x000D_ _x000D_ Bad magnet wire insulation._x000D_ | L31: Usage of over-rated components. Using components with industrial grade scale. Choosing components with enough FIT rate to fulfil the product life requirements. | M31: 1 | N31: =J31*M31 -> 1 | O31: Functional Testing. Thermal and Relative Humidity Testing. Condensed Humidity Testing. EFT Testing. Vibration Testing. ATM Testing. MVAr Testing. Pre-Cosure Testing. EOL Testing. | P31: Loss of communication between iiDCE and iiSC. | Q31: 3 | R31: =J31*M31*Q31 -> 3 | AF31: =VALUE(RIGHT((IF(A31="",0,A31)),5)) -> 12423
A32: SV104-12424 | E32: Inductor fails-open. | F32: UPSB supply path will be broken. Power will be available from HVT supply Board. No immediate affect. | G32: Device will keep working normally. | H32: CLB will have no effect | I32: System will keep working normally. | J32: 2 | K32: Over current._x000D_ _x000D_ Thermal stress_x000D_ _x000D_ Corrosion/bad internal solder joints._x000D_ | L32: Usage of over-rated components. Using components with industrial grade scale. Choosing components with enough FIT rate to fulfil the product life requirements. | M32: 1 | N32: =J32*M32 -> 2 | O32: Functional Testing. Thermal and Relative Humidity Testing. Condensed Humidity Testing. EFT Testing. Vibration Testing. ATM Testing. MVAr Testing. Pre-Cosure Testing. EOL Testing. | P32: Loss of communication between iiDCE and iiSC. | Q32: 3 | R32: =J32*M32*Q32 -> 6 | AF32: =VALUE(RIGHT((IF(A32="",0,A32)),5)) -> 12424
A33: SV104-12425 | B33: Incoming Supply from HVT board - Capacitor grounding jumper | C33: JMP35, JMP26 | D33: To provide safe grounding path to the capacitors | E33: One of the jumper fails open. | F33: Capacitors will have ground path through redundant jumper. No immediate effect. | G33: Device will keep working normally. | H33: CLB will have no effect | I33: System will keep working normally. | J33: 1 | K33: Electrical over stress._x000D_ _x000D_ Over current._x000D_ _x000D_ Thermal heating._x000D_ | L33: Usage of over-rated components. Using components with industrial grade scale. Choosing components with enough FIT rate to fulfil the product life requirements. | M33: 1 | N33: =J33*M33 -> 1 | O33: Functional Testing. Thermal and Relative Humidity Testing. Condensed Humidity Testing. EFT Testing. Vibration Testing. ATM Testing. MVAr Testing. Pre-Cosure Testing. EOL Testing. | P33: None. | Q33: 5 | R33: =N33*Q33 -> 5 | AF33: =VALUE(RIGHT((IF(A33="",0,A33)),5)) -> 12425
A34: SV104-12426 | B34: Incoming Supply from UPSB board - Capacitor grounding jumper | C34: R167 (1 ohm) | D34: To provide safe grounding path to the capacitors | E34: Resistor fails open. | F34: Grounding path for capacitors will be broken. Filtering capability will be reduced. | G34: Device will keep working normally. | H34: CLB will have no effect | I34: System will keep working normally. | J34: 1 | K34: Electrical overstress._x000D_ _x000D_ Bad magnet wire insulation._x000D_ | L34: Choosing components with enough FIT rate to fulfill the product life requirements. Components with higher ratings (current/voltage) are used. | M34: 1 | N34: =J34*M34 -> 1 | O34: Functional Testing. Thermal and Relative Humidity Testing. Condensed Humidity Testing. EFT Testing. Vibration Testing. ATM Testing. MVAr Testing. Pre-Cosure Testing. EOL Testing. | P34: Loss of communication between iiDCE and iiSC. | Q34: 3 | R34: =N34*Q34 -> 3 | AF34: =VALUE(RIGHT((IF(A34="",0,A34)),5)) -> 12426
A35: SV104-12427 | E35: Resistor fails short. | F35: No immediate effect. | G35: Device will keep working normally. | H35: CLB will have no effect | I35: System will keep working normally. | J35: 1 | K35: Dielectric failure._x000D_ _x000D_ | L35: Choosing components with enough FIT rate to fulfill the product life requirements. Components with higher ratings (current/voltage) are used. | M35: 1 | N35: =J35*M35 -> 1 | O35: Functional Testing. Thermal and Relative Humidity Testing. Condensed Humidity Testing. EFT Testing. Vibration Testing. ATM Testing. MVAr Testing. Pre-Cosure Testing. EOL Testing. | P35: Loss of communication between iiDCE and iiSC. | Q35: 3 | R35: =N35*Q35 -> 3 | AF35: =VALUE(RIGHT((IF(A35="",0,A35)),5)) -> 12427
A36: SV104-12428 | B36: Incoming Supply from HVT board - Capacitor grounding jumper | C36: JMP36, JMP30 | D36: To provide safe grounding path to the capacitors | E36: One of the jumper fails open. | F36: Capacitors will have ground path through redundant jumper. No immediate effect. | G36: Device will keep working normally. | H36: CLB will have no effect | I36: System will keep working normally. | J36: 1 | K36: Over current._x000D_ _x000D_ Thermal stress._x000D_ | L36: Choosing components with enough FIT rate to fulfill the product life requirements. Components with higher ratings (current/voltage) are used. | M36: 1 | N36: =J36*M36 -> 1 | O36: Functional Testing. Thermal and Relative Humidity Testing. Condensed Humidity Testing. EFT Testing. Vibration Testing. ATM Testing. MVAr Testing. Pre-Cosure Testing. EOL Testing. | P36: Loss of communication between iiDCE and iiSC. | Q36: 3 | R36: =N36*Q36 -> 3 | AF36: =VALUE(RIGHT((IF(A36="",0,A36)),5)) -> 12428
A37: SV104-12429 | B37: Incoming Supply from UPSB board - Capacitor grounding jumper | C37: R196 (1 ohm) | D37: To provide safe grounding path to the capacitors | E37: Resistor fails open. | F37: Grounding path for capacitors will be broken. Filtering capability will be reduced. | G37: Device will keep working normally. | H37: CLB will have no effect | I37: System will keep working normally. | J37: 1 | K37: Electrical overstress._x000D_ _x000D_ Bad magnet wire insulation._x000D_ | L37: Choosing components with enough FIT rate to fulfill the product life requirements. Components with higher ratings (current/voltage) are used. | M37: 1 | N37: =J37*M37 -> 1 | O37: Functional Testing. Thermal and Relative Humidity Testing. Condensed Humidity Testing. EFT Testing. Vibration Testing. ATM Testing. MVAr Testing. Pre-Cosure Testing. EOL Testing. | P37: Loss of communication between iiDCE and iiSC. | Q37: 3 | R37: =N37*Q37 -> 3 | AF37: =VALUE(RIGHT((IF(A37="",0,A37)),5)) -> 12429
A38: SV104-12430 | E38: Resistor fails short. | F38: No immediate effect. | G38: Device will keep working normally. | H38: CLB will have no effect | I38: System will keep working normally. | J38: 1 | K38: Electrical overstress._x000D_ _x000D_ Bad magnet wire insulation._x000D_ | L38: Choosing components with enough FIT rate to fulfill the product life requirements. Components with higher ratings (current/voltage) are used. | M38: 1 | N38: =J38*M38 -> 1 | O38: Functional Testing. Thermal and Relative Humidity Testing. Condensed Humidity Testing. EFT Testing. Vibration Testing. ATM Testing. MVAr Testing. Pre-Cosure Testing. EOL Testing. | P38: Loss of communication between iiDCE and iiSC. | Q38: 3 | R38: =N38*Q38 -> 3 | AF38: =VALUE(RIGHT((IF(A38="",0,A38)),5)) -> 12430
A39: SV104-12431 | B39: Incoming Supply from HVT board - Filtering Capacitors | C39: C127, C128, C139 | D39: To suppress ripples and filter out noise. | E39: One of the capacitor fails-open. | F39: Other capacitors will be present for noise protection. No immediate effect will be observed. | G39: Device will keep working normally. | H39: CLB will have no effect | I39: System will keep working normally. | J39: 1 | K39: Electrical overstress._x000D_ _x000D_ Bad magnet wire insulation._x000D_ | L39: Choosing components with enough FIT rate to fulfill the product life requirements. Components with higher ratings (current/voltage) are used. | M39: 1 | N39: =J39*M39 -> 1 | O39: Functional Testing. Thermal and Relative Humidity Testing. Condensed Humidity Testing. EFT Testing. Vibration Testing. ATM Testing. MVAr Testing. Pre-Cosure Testing. EOL Testing. | P39: Loss of communication between iiDCE and iiSC. | Q39: 3 | R39: =J39*M39*Q39 -> 3 | AF39: =VALUE(RIGHT((IF(A39="",0,A39)),5)) -> 12431
A40: SV104-12432 | E40: One of the capacitor fails-short. | F40: Input from HV_ISO board RAIL1_A will be shorted to RAIL1B. If in injection mode , UPSB board will power the iiSC board from 24V supply If in monitoring mode then no power will be available for iiSC board. | G40: Device will transit to monitoring state. | H40: Heartbeat of iiSC board to CLB board will stop. | I40: Affected device and its associated group of devices will transit to monitoring mode._x000D_ _x000D_ System will keep working with reduced injection capability._x000D_ | J40: 3 | K40: Dielectric failure._x000D_ _x000D_ | L40: Choosing components with enough FIT rate to fulfill the product life requirements. Components with higher ratings (current/voltage) are used. | M40: 1 | N40: =J40*M40 -> 3 | O40: Functional Testing. Thermal and Relative Humidity Testing. Condensed Humidity Testing. EFT Testing. Vibration Testing. ATM Testing. MVAr Testing. Pre-Cosure Testing. EOL Testing. | P40: Loss of communication between iiDCE and iiSC. | Q40: 3 | R40: =J40*M40*Q40 -> 9 | AF40: =VALUE(RIGHT((IF(A40="",0,A40)),5)) -> 12432
A41: SV104-12433 | B41: Incoming Supply from UPSB board - Filtering Capacitors | C41: C311, C312, C314 | D41: To suppress ripples and filter out noise. | E41: One of the capacitor fails-open. | F41: Other capacitors will be present for noise protection. No immediate effect will be observed. | G41: Device will keep working normally. | H41: CLB will have no effect | I41: System will keep working normally. | J41: 1 | K41: Electrical overstress._x000D_ _x000D_ Bad magnet wire insulation._x000D_ | L41: Choosing components with enough FIT rate to fulfill the product life requirements. Components with higher ratings (current/voltage) are used. | M41: 1 | N41: =J41*M41 -> 1 | O41: Functional Testing. Thermal and Relative Humidity Testing. Condensed Humidity Testing. EFT Testing. Vibration Testing. ATM Testing. MVAr Testing. Pre-Cosure Testing. EOL Testing. | P41: None. | Q41: 5 | R41: =J41*M41*Q41 -> 5 | AF41: =VALUE(RIGHT((IF(A41="",0,A41)),5)) -> 12433
A42: SV104-12434 | E42: One of the capacitor fails-short. | F42: Input from UPSB board RAIL1_A will be shorted to RAIL1B. Power will be available from the HV_SIO board. No immediate effect will be observed. | G42: Device will keep working normally. | H42: CLB will have no effect | I42: System will keep working normally. | J42: 2 | K42: Dielectric failure._x000D_ _x000D_ | L42: Choosing components with enough FIT rate to fulfill the product life requirements. Components with higher ratings (current/voltage) are used. | M42: 1 | N42: =J42*M42 -> 2 | O42: Functional Testing. Thermal and Relative Humidity Testing. Condensed Humidity Testing. EFT Testing. Vibration Testing. ATM Testing. MVAr Testing. Pre-Cosure Testing. EOL Testing. | P42: None. | Q42: 5 | R42: =J42*M42*Q42 -> 10 | AF42: =VALUE(RIGHT((IF(A42="",0,A42)),5)) -> 12434
A43: SV104 - 5903 | B43: Incoming Supply from HVT - Filtration Capacitors. | C43: C124-C126,C306,C308,C309,C545-C556,C559-C562 | D43: To suppress ripples and filter out noise. | E43: One of the capacitor fails-open. | F43: Other capacitors will be present for noise protection. No immediate effect will be observed. | G43: Device will keep working normally. | H43: CLB will have no effect | I43: System will keep working normally. | J43: 1 | K43: Electrical overstress._x000D_ _x000D_ Bad magnet wire insulation._x000D_ | L43: Choosing components with enough FIT rate to fulfill the product life requirements. Components with higher ratings (current/voltage) are used. | M43: 1 | N43: =J43*M43 -> 1 | O43: Functional Testing. Thermal and Relative Humidity Testing. Condensed Humidity Testing. EFT Testing. Vibration Testing. ATM Testing. MVAr Testing. Pre-Cosure Testing. EOL Testing. | P43: None. | Q43: 5 | R43: =J43*M43*Q43 -> 5 | AF43: =VALUE(RIGHT((IF(A43="",0,A43)),5)) -> 5903
A44: SV104 - 5904 | E44: One of the capacitor fails-short. | F44: Over-current will eventually cause capacitor to fail-open. Other capacitors will be present for noise protection. No immediate effect will be observed. | G44: Device will keep working normally. | H44: CLB will have no effect | I44: System will keep working normally. | J44: 1 | K44: Dielectric failure._x000D_ _x000D_ | L44: Choosing components with enough FIT rate to fulfill the product life requirements. Components with higher ratings (current/voltage) are used. | M44: 1 | N44: =J44*M44 -> 1 | O44: Functional Testing. Thermal and Relative Humidity Testing. Condensed Humidity Testing. EFT Testing. Vibration Testing. ATM Testing. MVAr Testing. Pre-Cosure Testing. EOL Testing. | P44: None. | Q44: 5 | R44: =N44*Q44 -> 5 | AF44: =VALUE(RIGHT((IF(A44="",0,A44)),5)) -> 5904
A45: SV104-12435 | B45: Incoming Supply from UPSB - Filtration Capacitors. | C45: C563 to C582 | D45: To suppress ripples and filter out noise. | E45: One of the capacitor fails-open. | F45: Other capacitors will be present for noise protection. No immediate effect will be observed. | G45: Device will keep working normally. | H45: CLB will have no effect | I45: System will keep working normally. | J45: 1 | K45: Electrical overstress._x000D_ _x000D_ Bad magnet wire insulation._x000D_ | L45: Choosing components with enough FIT rate to fulfill the product life requirements. Components with higher ratings (current/voltage) are used. | M45: 1 | N45: =J45*M45 -> 1 | O45: Functional Testing. Thermal and Relative Humidity Testing. Condensed Humidity Testing. EFT Testing. Vibration Testing. ATM Testing. MVAr Testing. Pre-Cosure Testing. EOL Testing. | P45: None. | Q45: 5 | R45: =N45*Q45 -> 5 | AF45: =VALUE(RIGHT((IF(A45="",0,A45)),5)) -> 12435
A46: SV104-12436 | E46: One of the capacitor fails-short. | F46: Over-current will eventually cause capacitor to fail-open. Other capacitors will be present for noise protection. No immediate effect will be observed. | G46: Device will keep working normally. | H46: CLB will have no effect | I46: System will keep working normally. | J46: 1 | K46: Dielectric failure._x000D_ _x000D_ | L46: Choosing components with enough FIT rate to fulfill the product life requirements. Components with higher ratings (current/voltage) are used. | M46: 1 | N46: =J46*M46 -> 1 | O46: Functional Testing. Thermal and Relative Humidity Testing. Condensed Humidity Testing. EFT Testing. Vibration Testing. ATM Testing. MVAr Testing. Pre-Cosure Testing. EOL Testing. | P46: None. | Q46: 5 | R46: =N46*Q46 -> 5 | AF46: =VALUE(RIGHT((IF(A46="",0,A46)),5)) -> 12436
B47: Rail Voltage ORing | AF47: =VALUE(RIGHT((IF(A47="",0,A47)),5)) -> 0
A48: SV104-1603 | B48: ORing FET IC Input filter capacitor. | C48: C453, C480 | D48: de coupling capacitor. | E48: Input capacitor for HV-ISO Rail fails short. | F48: HV_ISO rail will be shorted. No power will be available for iiSC in monitoring mode. All iiGD boards will switch to off safe state. | G48: Device will transit to monitoring state. | H48: Heartbeat of iiSC board to CLB board will stop. | I48: Affected device and its associated group of devices will transit to monitoring mode._x000D_ _x000D_ System will keep working with reduced injection capability._x000D_ | J48: 3 | K48: Electrical overstress._x000D_ _x000D_ Bad magnet wire insulation._x000D_ | L48: Choosing components with enough FIT rate to fulfill the product life requirements. Components with higher ratings (current/voltage) are used. | M48: 2 | N48: =J48*M48 -> 6 | O48: Functional Testing. Thermal and Relative Humidity Testing. Condensed Humidity Testing. EFT Testing. Vibration Testing. ATM Testing. MVAr Testing. Pre-Cosure Testing. EOL Testing. | P48: Loss of communication between iiDCE and iiSC. | Q48: 3 | R48: =J48*M48*Q48 -> 18 | AF48: =VALUE(RIGHT((IF(A48="",0,A48)),5)) -> -1603
A49: SV104-9819 | E49: Input capacitor for UPSB Rail fails short. | F49: UPSB rail will be shorted. No redundant power will be available for iiSC in injection mode. | G49: Device will keep working normally with reduced injection capability as long as power from HV_ISO is available. | H49: CLB will have no effect | I49: System will keep working normally. | J49: 2 | K49: Dielectric failure._x000D_ _x000D_ | L49: Choosing components with enough FIT rate to fulfill the product life requirements. Components with higher ratings (current/voltage) are used. | M49: 2 | N49: =J49*M49 -> 4 | O49: Functional Testing. Thermal and Relative Humidity Testing. Condensed Humidity Testing. EFT Testing. Vibration Testing. ATM Testing. MVAr Testing. Pre-Cosure Testing. EOL Testing. | P49: None. | Q49: 5 | R49: =J49*M49*Q49 -> 20 | AF49: =VALUE(RIGHT((IF(A49="",0,A49)),5)) -> -9819
A50: SV104-1604 | E50: One of the two Input capacitor fails open. | F50: Power will be available to iiSC. No immediate effect at iiSC, but it will lose redundant input power supply. | G50: Device will keep working normally. | H50: CLB will have no effect | I50: System will keep working normally. | J50: 2 | K50: Degradation of component. | L50: Redundant input power supply paths. | M50: 1 | N50: =J50*M50 -> 2 | O50: Functional Testing. Thermal and Relative Humidity Testing. Condensed Humidity Testing. EFT Testing. Vibration Testing. ATM Testing. MVAr Testing. Pre-Cosure Testing. EOL Testing. | P50: Loss of communication between iiDCE and iiSC. | Q50: 3 | R50: =J50*M50*Q50 -> 6 | AF50: =VALUE(RIGHT((IF(A50="",0,A50)),5)) -> -1604
A51: SV104-1605 | B51: ORing FET IC | C51: U40, U41 | D51: To provide less dropout path to supplies. | E51: ORing IC for HV-ISO Rail failure. | F51: No power will be available for iiSC in monitoring mode. All iiGD boards will switch to off safe state. | G51: Device will transit to monitoring state. | H51: Heartbeat of iiSC board to CLB board will stop. | I51: Affected device and its associated group of devices will transit to monitoring mode._x000D_ _x000D_ System will keep working with reduced injection capability._x000D_ | J51: 3 | K51: Degradation of component. | L51: Usage of over-rated components. Using components with industrial grade scale. Choosing components with enough FIT rate to fulfil the product life requirements. | M51: 2 | N51: =J51*M51 -> 6 | O51: Functional Testing. Thermal and Relative Humidity Testing. Condensed Humidity Testing. EFT Testing. Vibration Testing. ATM Testing. MVAr Testing. Pre-Cosure Testing. EOL Testing. | P51: Loss of communication between iiDCE and iiSC. | Q51: 3 | R51: =J51*M51*Q51 -> 18 | AF51: =VALUE(RIGHT((IF(A51="",0,A51)),5)) -> -1605
A52: SV104-9820 | E52: ORing IC for UPSB Rail failure. | F52: No redundant power will be available for iiSC in injection mode. | G52: Device will keep working normally with reduced injection capability as long as power from HV_ISO is available. | H52: CLB will have no effect | I52: System will keep working normally. | J52: 2 | K52: Over Voltage. Degradation of components. | L52: Redundant input power supply paths. | M52: 2 | N52: =J52*M52 -> 4 | O52: Functional Testing. Thermal and Relative Humidity Testing. Condensed Humidity Testing. EFT Testing. Vibration Testing. ATM Testing. MVAr Testing. Pre-Cosure Testing. EOL Testing. | P52: None. | Q52: 5 | R52: =J52*M52*Q52 -> 20 | AF52: =VALUE(RIGHT((IF(A52="",0,A52)),5)) -> -9820
A53: SV104-1606 | E53: Both of the ORing IC failure. | F53: No power will be available for iiSC. All iiGD boards will switch to off safe state. | G53: Device will transit to monitoring state. | H53: Heartbeat of iiSC board to CLB board will stop. | I53: Affected device and its associated group of devices will transit to monitoring mode._x000D_ _x000D_ System will keep working with reduced injection capability._x000D_ | J53: 3 | K53: Degradation of component. | L53: Usage of over-rated components. Using components with industrial grade scale. Choosing components with enough FIT rate to fulfil the product life requirements. | M53: 2 | N53: =J53*M53 -> 6 | O53: Functional Testing. Thermal and Relative Humidity Testing. Condensed Humidity Testing. EFT Testing. Vibration Testing. ATM Testing. MVAr Testing. Pre-Cosure Testing. EOL Testing. | P53: Loss of communication between iiDCE and iiSC. | Q53: 3 | R53: =J53*M53*Q53 -> 18 | AF53: =VALUE(RIGHT((IF(A53="",0,A53)),5)) -> -1606
A54: SV104-1607 | B54: ORing FET. | C54: Q31,Q32 | D54: Controls ORing output | E54: One of the ORing FET fails-short. | F54: iiSC will keep working normally. | G54: No immediate effect/ redundancy will be lost | H54: CLB will have no effect | I54: System will keep working normally. | J54: 2 | K54: Over Current. Degradation of components. | L54: None. | M54: 2 | N54: =J54*M54 -> 4 | O54: Functional Testing. Thermal and Relative Humidity Testing. Condensed Humidity Testing. EFT Testing. Vibration Testing. ATM Testing. MVAr Testing. Pre-Cosure Testing. EOL Testing. | P54: None. | Q54: 5 | R54: =J54*M54*Q54 -> 20 | AF54: =VALUE(RIGHT((IF(A54="",0,A54)),5)) -> -1607
A55: SV104-1608 | E55: ORing FET on HV-ISO Rail fails open. | F55: No power will be available for iiSC in monitoring mode. All iiGD boards will switch to off safe state. | G55: Device will transit to monitoring state. | H55: Heartbeat of iiSC board to CLB board will stop. | I55: Affected device and its associated group of devices will transit to monitoring mode._x000D_ _x000D_ System will keep working with reduced injection capability._x000D_ | J55: 3 | K55: Degradation of component. | L55: Usage of over-rated components. Using components with industrial grade scale. Choosing components with enough FIT rate to fulfil the product life requirements. | M55: 2 | N55: =J55*M55 -> 6 | O55: Functional Testing. Thermal and Relative Humidity Testing. Condensed Humidity Testing. EFT Testing. Vibration Testing. ATM Testing. MVAr Testing. Pre-Cosure Testing. EOL Testing. | P55: Loss of communication between iiDCE and iiSC. | Q55: 3 | R55: =J55*M55*Q55 -> 18 | AF55: =VALUE(RIGHT((IF(A55="",0,A55)),5)) -> -1608
A56: SV104-9821 | E56: ORing FET on UPSB Rail fails open. | F56: No redundant power will be available for iiSC in injection mode. | G56: Device will keep working normally with reduced injection capability as long as power from HV_ISO is available. | H56: CLB will have no effect | I56: System will keep working normally. | J56: 2 | K56: Over Current. Degradation of components. | L56: Redundant input power supply paths. | M56: 2 | N56: =J56*M56 -> 4 | O56: Functional Testing. Thermal and Relative Humidity Testing. Condensed Humidity Testing. EFT Testing. Vibration Testing. ATM Testing. MVAr Testing. Pre-Cosure Testing. EOL Testing. | P56: None. | Q56: 5 | R56: =J56*M56*Q56 -> 20 | AF56: =VALUE(RIGHT((IF(A56="",0,A56)),5)) -> -9821
A57: SV104-1609 | B57: ORing IC biasing resistor failure. | C57: R372,R373 | E57: One of the resistor fails-short. | F57: ORing Circuit will keep working normally._x000D_ _x000D_ iiSC will keep working normally | G57: Device will keep working normally with reduced injection capability. | H57: CLB will have no effect | I57: System will keep working normally. | J57: 2 | K57: Over Current. Degradation of components. | L57: None. | M57: 2 | N57: =J57*M57 -> 4 | O57: Functional Testing. Thermal and Relative Humidity Testing. Condensed Humidity Testing. EFT Testing. Vibration Testing. ATM Testing. MVAr Testing. Pre-Cosure Testing. EOL Testing. | P57: None. | Q57: 5 | R57: =J57*M57*Q57 -> 20 | AF57: =VALUE(RIGHT((IF(A57="",0,A57)),5)) -> -1609
A58: SV104-1610 | E58: ORing IC biasing resistor on HV-ISO Rail fails open. | F58: No power will be available for iiSC in monitoring mode. All iiGD boards will switch to off safe state. | G58: Device will transit to monitoring state. | H58: Heartbeat of iiSC board to CLB board will stop. | I58: Affected device and its associated group of devices will transit to monitoring mode._x000D_ _x000D_ System will keep working with reduced injection capability._x000D_ | J58: 3 | K58: Degradation of component. | L58: Usage of over-rated components. Using components with industrial grade scale. Choosing components with enough FIT rate to fulfil the product life requirements. | M58: 2 | N58: =J58*M58 -> 6 | O58: Functional Testing. Thermal and Relative Humidity Testing. Condensed Humidity Testing. EFT Testing. Vibration Testing. ATM Testing. MVAr Testing. Pre-Cosure Testing. EOL Testing. | P58: Loss of communication between iiDCE and iiSC. | Q58: 3 | R58: =J58*M58*Q58 -> 18 | AF58: =VALUE(RIGHT((IF(A58="",0,A58)),5)) -> -1610
A59: SV104-9822 | E59: ORing IC biasing resistor FET on UPSB Rail fails open. | F59: No redundant power will be available for iiSC in injection mode. | G59: Device will keep working normally with reduced injection capability as long as power from HV_ISO is available. | H59: CLB will have no effect | I59: System will keep working normally. | J59: 2 | K59: Over Current. Degradation of components. | L59: Redundant input power supply paths. | M59: 1 | N59: =J59*M59 -> 2 | O59: Functional Testing. Thermal and Relative Humidity Testing. Condensed Humidity Testing. EFT Testing. Vibration Testing. ATM Testing. MVAr Testing. Pre-Cosure Testing. EOL Testing. | P59: None. | Q59: 5 | R59: =J59*M59*Q59 -> 10 | AF59: =VALUE(RIGHT((IF(A59="",0,A59)),5)) -> -9822
A60: SV104-1611 | E60: Both of the resistor fails-open. | F60: No power will be available for iiSC. All iiGD boards will switch to off safe state. | G60: Device will transit to monitoring state. | H60: Heartbeat of iiSC board to CLB board will stop. | I60: Affected device and its associated group of devices will transit to monitoring mode._x000D_ _x000D_ System will keep working with reduced injection capability._x000D_ | J60: 3 | K60: Degradation of component. | L60: Usage of over-rated components. Using components with industrial grade scale. Choosing components with enough FIT rate to fulfil the product life requirements. | M60: 2 | N60: =J60*M60 -> 6 | O60: Functional Testing. Thermal and Relative Humidity Testing. Condensed Humidity Testing. EFT Testing. Vibration Testing. ATM Testing. MVAr Testing. Pre-Cosure Testing. EOL Testing. | P60: Loss of communication between iiDCE and iiSC. | Q60: 3 | R60: =J60*M60*Q60 -> 18 | AF60: =VALUE(RIGHT((IF(A60="",0,A60)),5)) -> -1611
A61: SV104-12437 | B61: Incoming Supply from HVT Rail 1 - ORing IC - Capacitor at VS pin. | C61: C464 | D61: To filter noise at supply input. | E61: Capacitor fails open. | F61: Noise filtering will be reduced. No immediate effect. | G61: Device will keep working normally. | H61: CLB will have no effect | I61: System will keep working normally. | J61: 1 | K61: Electrical overstress._x000D_ _x000D_ Bad magnet wire insulation._x000D_ | L61: Choosing components with enough FIT rate to fulfill the product life requirements. Components with higher ratings (current/voltage) are used. | M61: 1 | N61: =J61*M61 -> 1 | O61: Functional Testing. Thermal and Relative Humidity Testing. Condensed Humidity Testing. EFT Testing. Vibration Testing. ATM Testing. MVAr Testing. Pre-Cosure Testing. EOL Testing. | P61: None. | Q61: 5 | R61: =J61*M61*Q61 -> 5 | AF61: =VALUE(RIGHT((IF(A61="",0,A61)),5)) -> 12437
A62: SV104-12438 | E62: Capacitor fails short. | F62: VS pin of the IC will be shorted to ground. Circuit will not be able to get supply from HVT Board. iiSC will loose power in monitoring mode. | G62: Device will transit to monitoring state. | H62: Heartbeat of iiSC board to CLB board will stop. | I62: Affected device and its associated group of devices will transit to monitoring mode._x000D_ _x000D_ System will keep working with reduced injection capability._x000D_ | J62: 3 | K62: Dielectric failure._x000D_ _x000D_ | L62: Choosing components with enough FIT rate to fulfill the product life requirements. Components with higher ratings (current/voltage) are used. | M62: 2 | N62: =J62*M62 -> 6 | O62: Functional Testing. Thermal and Relative Humidity Testing. Condensed Humidity Testing. EFT Testing. Vibration Testing. ATM Testing. MVAr Testing. Pre-Cosure Testing. EOL Testing. | P62: Loss of communication between iiDCE and iiSC. | Q62: 3 | R62: =J62*M62*Q62 -> 18 | AF62: =VALUE(RIGHT((IF(A62="",0,A62)),5)) -> 12438
A63: SV104-12439 | B63: Incoming Supply from UPSB Rail 2 - ORing IC - Capacitor at VS pin. | C63: C496 | D63: To filter noise at supply input. | E63: Capacitor fails open. | F63: Noise filtering will be reduced. No immediate effect. | G63: Device will keep working normally. | H63: CLB will have no effect | I63: System will keep working normally. | J63: 1 | K63: Electrical overstress._x000D_ _x000D_ Bad magnet wire insulation._x000D_ | L63: Choosing components with enough FIT rate to fulfill the product life requirements. Components with higher ratings (current/voltage) are used. | M63: 1 | N63: =M63*J63 -> 1 | O63: Functional Testing. Thermal and Relative Humidity Testing. Condensed Humidity Testing. EFT Testing. Vibration Testing. ATM Testing. MVAr Testing. Pre-Cosure Testing. EOL Testing. | P63: None. | Q63: 5 | R63: =J63*M63*Q63 -> 5 | AF63: =VALUE(RIGHT((IF(A63="",0,A63)),5)) -> 12439
A64: SV104-12440 | E64: Capacitor fails short. | F64: VS pin of the IC will be shorted to ground. Circuit will not be able to get supply from UPSB Board. iiSC will remained powered up through redundant supply. | G64: Device will keep working normally. | H64: CLB will have no effect | I64: System will keep working normally. | J64: 1 | K64: Dielectric failure._x000D_ _x000D_ | L64: Choosing components with enough FIT rate to fulfill the product life requirements. Components with higher ratings (current/voltage) are used. | M64: 1 | N64: =M64*J64 -> 1 | O64: Functional Testing. Thermal and Relative Humidity Testing. Condensed Humidity Testing. EFT Testing. Vibration Testing. ATM Testing. MVAr Testing. Pre-Cosure Testing. EOL Testing. | P64: None. | Q64: 5 | R64: =J64*M64*Q64 -> 5 | AF64: =VALUE(RIGHT((IF(A64="",0,A64)),5)) -> 12440
A65: SV104-1612 | B65: Rail Voltage filter capacitors. | C65: C454 - C463, C465 - C485 | D65: to filter noise. | E65: One of the capacitor fails-short. | F65: 24 V rail will be shorted. No power will be available for iiSC._x000D_ _x000D_ All iiGD boards will switch to safe state. | G65: Device will transit to monitoring state. | H65: Heartbeat of iiSC board to CLB board will stop. | I65: Affected device and its associated group of devices will transit to monitoring mode._x000D_ _x000D_ System will keep working with reduced injection capability._x000D_ | J65: 3 | K65: Degradation of component. | L65: Usage of over-rated components. Using components with industrial grade scale. Choosing components with enough FIT rate to fulfil the product life requirements. | M65: 2 | N65: =J65*M65 -> 6 | O65: Functional Testing. Thermal and Relative Humidity Testing. Condensed Humidity Testing. EFT Testing. Vibration Testing. ATM Testing. MVAr Testing. Pre-Cosure Testing. EOL Testing. | P65: Loss of communication between iiDCE and iiSC. | Q65: 3 | R65: =J65*M65*Q65 -> 18 | AF65: =VALUE(RIGHT((IF(A65="",0,A65)),5)) -> -1612
A66: SV104-1613 | E66: One of the capacitor fails-open. | F66: Noise may effect output voltage._x000D_ _x000D_ iiSC will keep working normally | G66: Device will keep working normally with reduced injection capability. | H66: CLB will have no effect | I66: System will keep working normally. | J66: 2 | K66: Over Current. Degradation of components. | L66: Multiple capacitor's are used. | M66: 2 | N66: =J66*M66 -> 4 | O66: Functional Testing. Thermal and Relative Humidity Testing. Condensed Humidity Testing. EFT Testing. Vibration Testing. ATM Testing. MVAr Testing. Pre-Cosure Testing. EOL Testing. | P66: None. | Q66: 5 | R66: =J66*M66*Q66 -> 20 | AF66: =VALUE(RIGHT((IF(A66="",0,A66)),5)) -> -1613
A67: SV104 - 7160 | B67: Reverse biased diode between Input and output Pin of OR Controller IC. | C67: D35,D39 | D67: To protect from reverse voltage. | E67: Diode fails-open._x000D_ | F67: Reverse voltage protection will be reduced. | G67: Device will keep working normally. | H67: CLB will have no effect | I67: System will keep working normally. | J67: 1 | K67: Thermal stress._x000D_ _x000D_ Excessive forward current._x000D_ | L67: Choosing components with enough FIT rate to fulfill the product life requirements. Components with higher ratings (current/voltage) are used. | M67: 2 | N67: =J67*M67 -> 2 | O67: Functional Testing. Thermal and Relative Humidity Testing. Condensed Humidity Testing. EFT Testing. Vibration Testing. ATM Testing. MVAr Testing. Pre-Cosure Testing. EOL Testing. | P67: None. | Q67: 5 | R67: =J67*M67*Q67 -> 10 | AF67: =VALUE(RIGHT((IF(A67="",0,A67)),5)) -> 7160
A68: SV104 - 7161 | E68: Diode fails-short._x000D_ | F68: Input will be shorted to ground. No supply output. There will be no supply for the respective iiSC. | G68: Device will transit to monitoring state. | H68: Heartbeat of iiSC board to CLB board will stop. | I68: Affected device and its associated group of devices will transit to monitoring mode._x000D_ _x000D_ System will keep working with reduced injection capability._x000D_ | J68: 3 | K68: Degradation of component. | L68: Usage of over-rated components. Using components with industrial grade scale. Choosing components with enough FIT rate to fulfil the product life requirements. | M68: 2 | N68: =J68*M68 -> 6 | O68: Functional Testing. Thermal and Relative Humidity Testing. Condensed Humidity Testing. EFT Testing. Vibration Testing. ATM Testing. MVAr Testing. Pre-Cosure Testing. EOL Testing. | P68: Loss of communication between iiDCE and iiSC. | Q68: 3 | R68: =J68*M68*Q68 -> 18 | AF68: =VALUE(RIGHT((IF(A68="",0,A68)),5)) -> 7161
A69: SV104 - 7162 | B69: Forward biased diodes between OR Controller IC and Ground. | C69: D36,D40 | D69: To protect from reverse voltage. | E69: Diode fails-open. | F69: Ground loop will be broken. Ground of other supply will be available. | G69: Device will keep working normally. Input power redundancy on of the MVAr will be lost. | H69: CLB will have no effect | I69: System will keep working normally. | J69: 2 | K69: Thermal stress._x000D_ _x000D_ Excessive forward current._x000D_ | L69: Redundant rail for input power. Choosing components with enough FIT rate to fulfill the product life requirements. Components with higher ratings (current/voltage) are used. | M69: 2 | N69: =J69*M69 -> 4 | O69: Functional Testing. Thermal and Relative Humidity Testing. Condensed Humidity Testing. EFT Testing. Vibration Testing. ATM Testing. MVAr Testing. Pre-Cosure Testing. EOL Testing. | P69: None. | Q69: 5 | R69: =J69*M69*Q69 -> 20 | AF69: =VALUE(RIGHT((IF(A69="",0,A69)),5)) -> 7162
A70: SV104 - 7163 | E70: Diode fails-short._x000D_ | F70: Reverse voltage protection will be reduced. | G70: Device will keep working normally. | H70: CLB will have no effect | I70: System will keep working normally. | J70: 1 | K70: High reverse voltage._x000D_ | L70: Choosing components with enough FIT rate to fulfill the product life requirements. Components with higher ratings (current/voltage) are used. | M70: 2 | N70: =J70*M70 -> 2 | O70: Functional Testing. Thermal and Relative Humidity Testing. Condensed Humidity Testing. EFT Testing. Vibration Testing. ATM Testing. MVAr Testing. Pre-Cosure Testing. EOL Testing. | P70: None. | Q70: 5 | R70: =J70*M70*Q70 -> 10 | AF70: =VALUE(RIGHT((IF(A70="",0,A70)),5)) -> 7163
A71: SV104-12441 | B71: Jumper for SENSE_RAIL_VOL signal | C71: R375 | D71: To connect to rail voltage. | E71: Jumper fails open. | F71: Signal path to SENSE_RAIL_VOL will be broken. iiSC will not be able to detect/sense supply voltage. | G71: Device will transit to monitoring state. | H71: Heartbeat of iiSC board to CLB board will stop. | I71: Affected device and its associated group of devices will transit to monitoring mode._x000D_ _x000D_ System will keep working with reduced injection capability._x000D_ | J71: 3 | K71: Degradation of component. | L71: Usage of over-rated components. Using components with industrial grade scale. Choosing components with enough FIT rate to fulfil the product life requirements. | M71: 1 | N71: =J71*M71 -> 3 | O71: Functional Testing. Thermal and Relative Humidity Testing. Condensed Humidity Testing. EFT Testing. Vibration Testing. ATM Testing. MVAr Testing. Pre-Cosure Testing. EOL Testing. | P71: Loss of communication between iiDCE and iiSC. | Q71: 2 | R71: =Q71*N71 -> 6 | AF71: =VALUE(RIGHT((IF(A71="",0,A71)),5)) -> 12441
B72: 5 V Section | AF72: =VALUE(RIGHT((IF(A72="",0,A72)),5)) -> 0
A73: SV104-1683 | B73: Input rail inductor. | C73: L22 | D73: To Suppress the in-rush current. | E73: Inductor fails-short. | F73: No immediate effect. Buck converter will keep working normally. iiSC will keep working normally. | G73: Device will keep working normally. | H73: CLB will have no effect | I73: System will keep working normally. | J73: 1 | K73: Over Current. Degradation of components. | L73: Inductor with higher current ratting's are used. | M73: 1 | N73: =J73*M73 -> 1 | O73: Functional Testing. Thermal and Relative Humidity Testing. Condensed Humidity Testing. EFT Testing. Vibration Testing. ATM Testing. MVAr Testing. Pre-Cosure Testing. EOL Testing. | P73: Loss of communication between iiDCE and iiSC. | Q73: 2 | R73: =J73*M73*Q73 -> 2 | AF73: =VALUE(RIGHT((IF(A73="",0,A73)),5)) -> -1683
A74: SV104-1684 | E74: Inductor fails-open. | F74: Buck converter supply path will be broken. 5 V rail will not be available. No power will be for iiSC. All iiGD boards will switch to safe state. | G74: Device will transit to monitoring state. | H74: Heartbeat of iiSC board to CLB board will stop. | I74: Affected device and its associated group of devices will transit to monitoring mode._x000D_ _x000D_ System will keep working with reduced injection capability._x000D_ | J74: 3 | K74: Degradation of component. | L74: Usage of over-rated components. Using components with industrial grade scale. Choosing components with enough FIT rate to fulfil the product life requirements. | M74: 2 | N74: =J74*M74 -> 6 | O74: Functional Testing. Thermal and Relative Humidity Testing. Condensed Humidity Testing. EFT Testing. Vibration Testing. ATM Testing. MVAr Testing. Pre-Cosure Testing. EOL Testing. | P74: Loss of communication between iiDCE and iiSC. | Q74: 3 | R74: =J74*M74*Q74 -> 18 | V74: [Firmware team] Include regulated voltage sensing in firmware | AF74: =VALUE(RIGHT((IF(A74="",0,A74)),5)) -> -1684
A75: SV104-1685 | B75: Input noise filter capacitor. | C75: C332 | D75: To filter noise. | E75: Capacitor between rail and ground fails-short. | F75: 24 V rail will be shorted. 5 V rail will not be available. No power will be available for iiSC. All iiGD boards will switch to safe state. | G75: Device will transit to monitoring state. | H75: Heartbeat of iiSC board to CLB board will stop. | I75: Affected device and its associated group of devices will transit to monitoring mode._x000D_ _x000D_ System will keep working with reduced injection capability._x000D_ | J75: 3 | K75: Degradation of component. | L75: Usage of over-rated components. Using components with industrial grade scale. Choosing components with enough FIT rate to fulfil the product life requirements. | M75: 2 | N75: =J75*M75 -> 6 | O75: Functional Testing. Thermal and Relative Humidity Testing. Condensed Humidity Testing. EFT Testing. Vibration Testing. ATM Testing. MVAr Testing. Pre-Cosure Testing. EOL Testing. | P75: Loss of communication between iiDCE and iiSC. | Q75: 3 | R75: =J75*M75*Q75 -> 18 | AF75: =VALUE(RIGHT((IF(A75="",0,A75)),5)) -> -1685
A76: SV104-1686 | E76: Capacitor between rail and ground fails-open. | F76: Noise will not be filtered No immediate effect. Buck converter will keep working normally. iiSC will keep working normally. | G76: Device will keep working normally. | H76: CLB will have no effect | I76: System will keep working normally. | J76: 1 | K76: Over Voltage. Degradation of components. | L76: Capacitors with double voltage rating are being used. Redundant capacitors connected in parallel. | M76: 2 | N76: =J76*M76 -> 2 | O76: Functional Testing. Thermal and Relative Humidity Testing. Condensed Humidity Testing. EFT Testing. Vibration Testing. ATM Testing. MVAr Testing. Pre-Cosure Testing. EOL Testing. | P76: Regulated Voltage is being monitored by on board ADC. | Q76: 2 | R76: =J76*M76*Q76 -> 4 | AF76: =VALUE(RIGHT((IF(A76="",0,A76)),5)) -> -1686
A77: SV104 - 7168 | B77: Input noise filter resistor. | C77: R507 | D77: To reduce the input noise. | E77: Resistor fails-open._x000D_ | F77: Noise will not be blocked. No immediate effect. Buck converter will keep working normally. | G77: Device will keep working normally. | H77: CLB will have no effect | I77: System will keep working normally. | J77: 1 | K77: Electrical over stress._x000D_ _x000D_ Over current._x000D_ _x000D_ Thermal heating._x000D_ | L77: Components with higher ratings are used to avoid failure. | M77: 1 | N77: =J77*M77 -> 1 | O77: Functional Testing. Thermal and Relative Humidity Testing. Condensed Humidity Testing. EFT Testing. Vibration Testing. ATM Testing. MVAr Testing. Pre-Cosure Testing. EOL Testing. | P77: None. | Q77: 5 | R77: =J77*M77*Q77 -> 5 | AF77: =VALUE(RIGHT((IF(A77="",0,A77)),5)) -> 7168
A78: SV104 - 7169 | E78: Resistor fails-short._x000D_ | F78: No immediate effect. Buck converter will keep working normally. | G78: Device will keep working normally. | H78: CLB will have no effect | I78: System will keep working normally. | J78: 1 | K78: Over voltage._x000D_ | L78: Components with higher ratings are used to avoid failure. | M78: 1 | N78: =J78*M78 -> 1 | O78: Functional Testing. Thermal and Relative Humidity Testing. Condensed Humidity Testing. EFT Testing. Vibration Testing. ATM Testing. MVAr Testing. Pre-Cosure Testing. EOL Testing. | P78: None. | Q78: 5 | R78: =J78*M78*Q78 -> 5 | AF78: =VALUE(RIGHT((IF(A78="",0,A78)),5)) -> 7169
A79: SV104 - 5686 | B79: Capacitor network in series with noise filter resistor. | C79: C333-C336 | D79: To reduce the input noise. | E79: One of the three capacitor fails-open. | F79: Noise filtration will be reduced. No immediate effect. Buck converter will keep working normally. | G79: Device will keep working normally. | H79: CLB will have no effect | I79: System will keep working normally. | J79: 1 | K79: Over current._x000D_ _x000D_ Thermal stress._x000D_ | L79: Components with higher ratings are used to avoid failure. | M79: 1 | N79: =J79*M79 -> 1 | O79: Functional Testing. Thermal and Relative Humidity Testing. Condensed Humidity Testing. EFT Testing. Vibration Testing. ATM Testing. MVAr Testing. Pre-Cosure Testing. EOL Testing. | P79: None. | Q79: 5 | R79: =J79*M79*Q79 -> 5 | AF79: =VALUE(RIGHT((IF(A79="",0,A79)),5)) -> 5686
A80: SV104 - 5687 | E80: One of the three capacitor fails-short. | F80: Noise will not be blocked. No immediate effect. Buck converter will keep working normally. | G80: Device will keep working normally. | H80: CLB will have no effect | I80: System will keep working normally. | J80: 1 | K80: Dielectric failure._x000D_ _x000D_ | L80: Components with higher ratings are used to avoid failure. | M80: 1 | N80: =J80*M80 -> 1 | O80: Functional Testing. Thermal and Relative Humidity Testing. Condensed Humidity Testing. EFT Testing. Vibration Testing. ATM Testing. MVAr Testing. Pre-Cosure Testing. EOL Testing. | P80: None. | Q80: 5 | R80: =J80*M80*Q80 -> 5 | AF80: =VALUE(RIGHT((IF(A80="",0,A80)),5)) -> 5687
A81: SV104 - 7170 | B81: Internal supply disable resistor network, pull-down resistor. | C81: R539 | D81: To shift from the input rail to external supply. | E81: Resistor fails-open. | F81: Internal supply shift threshold will be changed to 12.5 V | G81: Device will keep working normally. | H81: CLB will have no effect | I81: System will keep working normally. | J81: 1 | K81: Electrical over stress._x000D_ _x000D_ Over current._x000D_ _x000D_ Thermal heating._x000D_ | L81: Components with higher ratings are used to avoid failure. | M81: 1 | N81: =J81*M81 -> 1 | O81: Functional Testing. Thermal and Relative Humidity Testing. Condensed Humidity Testing. EFT Testing. Vibration Testing. ATM Testing. MVAr Testing. Pre-Cosure Testing. EOL Testing. | P81: None. | Q81: 5 | R81: =J81*M81*Q81 -> 5 | AF81: =VALUE(RIGHT((IF(A81="",0,A81)),5)) -> 7170
A82: SV104 - 7171 | E82: Resistor fails-short. | F82: Internal supply shift threshold will be changed to 0 V and shifting functionality will be disabled. | G82: Device will keep working normally. | H82: CLB will have no effect | I82: System will keep working normally. | J82: 1 | K82: Over voltage._x000D_ | L82: Components with higher ratings are used to avoid failure. | M82: 1 | N82: =J82*M82 -> 1 | O82: Functional Testing. Thermal and Relative Humidity Testing. Condensed Humidity Testing. EFT Testing. Vibration Testing. ATM Testing. MVAr Testing. Pre-Cosure Testing. EOL Testing. | P82: None. | Q82: 5 | R82: =J82*M82*Q82 -> 5 | AF82: =VALUE(RIGHT((IF(A82="",0,A82)),5)) -> 7171
A83: SV104 - 5688 | B83: Internal supply disable resistor network, pull-up resistor. | C83: R275 | D83: To shift from the input rail to external supply. | E83: Resistor fails-open. | F83: Internal supply shift threshold will be changed to 0 V and shifting functionality will be disabled. | G83: Device will keep working normally. | H83: CLB will have no effect | I83: System will keep working normally. | J83: 1 | K83: Electrical over stress._x000D_ _x000D_ Over current._x000D_ _x000D_ Thermal heating._x000D_ | L83: Components with higher ratings are used to avoid failure. | M83: 1 | N83: =J83*M83 -> 1 | O83: Functional Testing. Thermal and Relative Humidity Testing. Condensed Humidity Testing. EFT Testing. Vibration Testing. ATM Testing. MVAr Testing. Pre-Cosure Testing. EOL Testing. | P83: None. | Q83: 5 | R83: =J83*M83*Q83 -> 5 | AF83: =VALUE(RIGHT((IF(A83="",0,A83)),5)) -> 5688
A84: SV104 - 5689 | E84: Resistor fails-short. | F84: Internal supply shift threshold will be changed to 12.5 V | G84: Device will keep working normally. | H84: CLB will have no effect | I84: System will keep working normally. | J84: 1 | K84: Over voltage._x000D_ | L84: Components with higher ratings are used to avoid failure. | M84: 1 | N84: =J84*M84 -> 1 | O84: Functional Testing. Thermal and Relative Humidity Testing. Condensed Humidity Testing. EFT Testing. Vibration Testing. ATM Testing. MVAr Testing. Pre-Cosure Testing. EOL Testing. | P84: None. | Q84: 5 | R84: =J84*M84*Q84 -> 5 | AF84: =VALUE(RIGHT((IF(A84="",0,A84)),5)) -> 5689
A85: SV104 - 5690 | B85: Rail voltage filter capacitors. | C85: C327, C329, C330, C331, | D85: To filter the noise from input rail. | E85: Capacitor fails-open._x000D_ | F85: No immediate effect. Buck converter will keep working normally. _x000D_ _x000D_ iiSC will keep working normally. | G85: Device will keep working normally. | H85: CLB will have no effect | I85: System will keep working normally. | J85: 1 | K85: Over current._x000D_ _x000D_ Thermal stress._x000D_ | L85: Components with higher ratings are used to avoid failure. | M85: 1 | N85: =J85*M85 -> 1 | O85: Functional Testing. Thermal and Relative Humidity Testing. Condensed Humidity Testing. EFT Testing. Vibration Testing. ATM Testing. MVAr Testing. Pre-Cosure Testing. EOL Testing. | P85: None. | Q85: 5 | R85: =J85*M85*Q85 -> 5 | AF85: =VALUE(RIGHT((IF(A85="",0,A85)),5)) -> 5690
A86: SV104 - 5691 | E86: Capacitor fails-short._x000D_ | F86: 24 V rail will be shorted. 5 V rail will not be available._x000D_ _x000D_ No power will be available for iiSC. All iiGD boards will switch to safe state. | G86: Affected MVAr will be bypassed by using CLB as long as the issue persist. Device will keep working normally with reduced injection capability. | H86: Heartbeat of iiSC board to CLB board will stop. | I86: System will keep working normally with reduced injection capability. | J86: 3 | K86: Dielectric failure._x000D_ _x000D_ | L86: System will switch to monitoring mode. Components with higher ratings are used to avoid failure. | M86: 1 | N86: =J86*M86 -> 3 | O86: Functional Testing. Thermal and Relative Humidity Testing. Condensed Humidity Testing. EFT Testing. Vibration Testing. ATM Testing. MVAr Testing. Pre-Cosure Testing. EOL Testing. | P86: Regulated Voltage is being monitored by on board ADC. | Q86: 2 | R86: =J86*M86*Q86 -> 6 | AF86: =VALUE(RIGHT((IF(A86="",0,A86)),5)) -> 5691
A87: SV104 - 5692 | B87: Load measurement resistor network. | C87: R544, R545, R546, R547, R548 | D87: To measure the load current flowing through the IC. | E87: One of two resistor fails-open. | F87: Load current measurement will not be available. Load current can't be detected. | G87: No immediate effect. Device will keep working normally. | H87: CLB will have no effect | I87: System will keep working normally. | J87: 2 | K87: Electrical over stress._x000D_ _x000D_ Over current._x000D_ _x000D_ Thermal heating._x000D_ | L87: Components with higher ratings are used to avoid failure. | M87: 1 | N87: =J87*M87 -> 2 | O87: Functional Testing. Thermal and Relative Humidity Testing. Condensed Humidity Testing. EFT Testing. Vibration Testing. ATM Testing. MVAr Testing. Pre-Cosure Testing. EOL Testing. | P87: Regulated Voltage is being monitored by on board ADC. | Q87: 2 | R87: =J87*M87*Q87 -> 4 | V87: input form firmware team is required. | AF87: =VALUE(RIGHT((IF(A87="",0,A87)),5)) -> 5692
A88: SV104 - 5693 | E88: One of the two resistors fails-short. | F88: Load current measurement will not be accurate. | G88: No immediate effect. Device will keep working normally. | H88: CLB will have no effect | I88: System will keep working normally. | J88: 2 | K88: Over voltage._x000D_ | L88: Components with higher ratings are used to avoid failure. | M88: 1 | N88: =J88*M88 -> 2 | O88: Functional Testing. Thermal and Relative Humidity Testing. Condensed Humidity Testing. EFT Testing. Vibration Testing. ATM Testing. MVAr Testing. Pre-Cosure Testing. EOL Testing. | P88: Regulated Voltage is being monitored by on board ADC. | Q88: 2 | R88: =J88*M88*Q88 -> 4 | V88: input form firmware team is required. | AF88: =VALUE(RIGHT((IF(A88="",0,A88)),5)) -> 5693
A89: SV104-12442 | B89: Load Measurement Voltage divider - High side Resistor | C89: R537 | D89: To divide/reduce voltage of the Current Measuring Signal from CM pin of the IC | E89: Resistor fails-open. | F89: Load current measurement path will be broken and therefore will not be available. Load current can't be detected. | G89: No immediate effect. Device will keep working normally. | H89: CLB will have no effect | I89: System will keep working normally. | J89: 2 | K89: Electrical over stress._x000D_ _x000D_ Over current._x000D_ _x000D_ Thermal heating._x000D_ | L89: Components with higher ratings are used to avoid failure. | M89: 1 | N89: =J89*M89 -> 2 | O89: Functional Testing. Thermal and Relative Humidity Testing. Condensed Humidity Testing. EFT Testing. Vibration Testing. ATM Testing. MVAr Testing. Pre-Cosure Testing. EOL Testing. | P89: None. | Q89: 5 | R89: =J89*M89*Q89 -> 10 | AF89: =VALUE(RIGHT((IF(A89="",0,A89)),5)) -> 12442
A90: SV104-12443 | E90: Resistor fails-short. | F90: CM pin signal will be directly applied to the ADC. ADC will get overload error. | G90: No immediate effect. Device will keep working normally. | H90: CLB will have no effect | I90: System will keep working normally. | J90: 2 | K90: Electrical over stress._x000D_ _x000D_ Over current._x000D_ _x000D_ Thermal heating._x000D_ | L90: Components with higher ratings are used to avoid failure. | M90: 1 | N90: =J90*M90 -> 2 | O90: Functional Testing. Thermal and Relative Humidity Testing. Condensed Humidity Testing. EFT Testing. Vibration Testing. ATM Testing. MVAr Testing. Pre-Cosure Testing. EOL Testing. | P90: None. | Q90: 5 | R90: =J90*M90*Q90 -> 10 | AF90: =VALUE(RIGHT((IF(A90="",0,A90)),5)) -> 12443
A91: SV104-12444 | B91: Load Measurement Voltage divider - Low side Resistor | C91: R538 | D91: To divide Current Measuring Signal from CM pin of the IC | E91: Resistor fails-open. | F91: CM pin will be left floating. ADC will not monitor the P5V. | G91: No immediate effect. Device will keep working normally. | H91: CLB will have no effect | I91: System will keep working normally. | J91: 2 | K91: Electrical over stress._x000D_ _x000D_ Over current._x000D_ _x000D_ Thermal heating._x000D_ | L91: Components with higher ratings are used to avoid failure. | M91: 1 | N91: =J91*M91 -> 2 | O91: Functional Testing. Thermal and Relative Humidity Testing. Condensed Humidity Testing. EFT Testing. Vibration Testing. ATM Testing. MVAr Testing. Pre-Cosure Testing. EOL Testing. | P91: None. | Q91: 5 | R91: =J91*M91*Q91 -> 10 | AF91: =VALUE(RIGHT((IF(A91="",0,A91)),5)) -> 12444
A92: SV104-12445 | E92: Resistor fails-short. | F92: Output to the ADC will be shorted to ground. Load current measurement will not be available. | G92: No immediate effect. Device will keep working normally. | H92: CLB will have no effect | I92: System will keep working normally. | J92: 2 | K92: Electrical over stress._x000D_ _x000D_ Over current._x000D_ _x000D_ Thermal heating._x000D_ | L92: Components with higher ratings are used to avoid failure. | M92: 1 | N92: =J92*M92 -> 2 | O92: Functional Testing. Thermal and Relative Humidity Testing. Condensed Humidity Testing. EFT Testing. Vibration Testing. ATM Testing. MVAr Testing. Pre-Cosure Testing. EOL Testing. | P92: None. | Q92: 5 | R92: =J92*M92*Q92 -> 10 | AF92: =VALUE(RIGHT((IF(A92="",0,A92)),5)) -> 12445
A93: SV104 - 5694 | B93: Filter capacitor in parallel with load measurement low side resistor. | C93: C583 | D93: To filter the noise. | E93: Capacitor fails-open._x000D_ | F93: Output to the ADC will be containing noise. ADC may not be able to read the load current accurately. | G93: No immediate effect. Device will keep working normally. | H93: CLB will have no effect | I93: System will keep working normally. | J93: 2 | K93: Over current._x000D_ _x000D_ Thermal stress._x000D_ | L93: Components with higher ratings are used to avoid failure. | M93: 1 | N93: =J93*M93 -> 2 | O93: Functional Testing. Thermal and Relative Humidity Testing. Condensed Humidity Testing. EFT Testing. Vibration Testing. ATM Testing. MVAr Testing. Pre-Cosure Testing. EOL Testing. | P93: None. | Q93: 5 | R93: =J93*M93*Q93 -> 10 | V93: input form firmware team is required. | AF93: =VALUE(RIGHT((IF(A93="",0,A93)),5)) -> 5694
A94: SV104 - 5695 | E94: Capacitor fails-short._x000D_ | F94: Load current measurement will not be available. Load current can't be detected. | G94: No immediate effect. Device will keep working normally. | H94: CLB will have no effect | I94: System will keep working normally. | J94: 2 | K94: Dielectric failure._x000D_ _x000D_ | L94: Components with higher ratings are used to avoid failure. | M94: 1 | N94: =J94*M94 -> 2 | O94: Functional Testing. Thermal and Relative Humidity Testing. Condensed Humidity Testing. EFT Testing. Vibration Testing. ATM Testing. MVAr Testing. Pre-Cosure Testing. EOL Testing. | P94: None. | Q94: 5 | R94: =J94*M94*Q94 -> 10 | V94: input form firmware team is required. | AF94: =VALUE(RIGHT((IF(A94="",0,A94)),5)) -> 5695
A95: SV104 - 5696 | B95: Resistor between RT pin and ground. | C95: R299 | D95: To Set the oscillation frequency. | E95: Resistor fails-open._x000D_ | F95: Oscillation frequency will be disturb. 5V output will not be available. | G95: Device will transit to monitoring state. | H95: Heartbeat of iiSC board to CLB board will stop. | I95: Affected device and its associated group of devices will transit to monitoring mode._x000D_ _x000D_ System will keep working with reduced injection capability._x000D_ | J95: 3 | K95: Degradation of component. | L95: Usage of over-rated components. Using components with industrial grade scale. Choosing components with enough FIT rate to fulfil the product life requirements. | M95: 2 | N95: 6 | O95: Functional Testing. Thermal and Relative Humidity Testing. Condensed Humidity Testing. EFT Testing. Vibration Testing. ATM Testing. MVAr Testing. Pre-Cosure Testing. EOL Testing. | P95: Loss of communication between iiDCE and iiSC. | Q95: 3 | R95: =J95*M95*Q95 -> 18 | AF95: =VALUE(RIGHT((IF(A95="",0,A95)),5)) -> 5696
A96: SV104 - 5697 | E96: Resistor fails-short._x000D_ | F96: Oscillation frequency will be disturb. 5V output will not be available. | G96: Device will transit to monitoring state. | H96: Heartbeat of iiSC board to CLB board will stop. | I96: Affected device and its associated group of devices will transit to monitoring mode._x000D_ _x000D_ System will keep working with reduced injection capability._x000D_ | J96: 3 | K96: Degradation of component. | L96: Usage of over-rated components. Using components with industrial grade scale. Choosing components with enough FIT rate to fulfil the product life requirements. | M96: 2 | N96: 6 | O96: Functional Testing. Thermal and Relative Humidity Testing. Condensed Humidity Testing. EFT Testing. Vibration Testing. ATM Testing. MVAr Testing. Pre-Cosure Testing. EOL Testing. | P96: Loss of communication between iiDCE and iiSC. | Q96: 3 | R96: =J96*M96*Q96 -> 18 | AF96: =VALUE(RIGHT((IF(A96="",0,A96)),5)) -> 5697
A97: SV104 - 5698 | B97: Reset capacitor. | C97: C340 | D97: To keep the IC in Hick up mode so that in case current limit is reached output voltage should be reduced to zero for short duration. | E97: Capacitor fails-open._x000D_ | F97: RES pin will be floating. Buck boost IC will not be able to operate. 5V supply will not be available. | G97: Device will transit to monitoring state. | H97: Heartbeat of iiSC board to CLB board will stop. | I97: Affected device and its associated group of devices will transit to monitoring mode._x000D_ _x000D_ System will keep working with reduced injection capability._x000D_ | J97: 3 | K97: Degradation of component. | L97: Usage of over-rated components. Using components with industrial grade scale. Choosing components with enough FIT rate to fulfil the product life requirements. | M97: 2 | N97: 6 | O97: Functional Testing. Thermal and Relative Humidity Testing. Condensed Humidity Testing. EFT Testing. Vibration Testing. ATM Testing. MVAr Testing. Pre-Cosure Testing. EOL Testing. | P97: Loss of communication between iiDCE and iiSC. | Q97: 3 | R97: =J97*M97*Q97 -> 18 | AF97: =VALUE(RIGHT((IF(A97="",0,A97)),5)) -> 5698
A98: SV104 - 5699 | E98: Capacitor fails-short._x000D_ | F98: RES Pin will be connected to ground. Latch off current limit mode will be configured. 5V output will not be available. Buck boost converter keep restarting. | G98: Device will transit to monitoring state. | H98: Heartbeat of iiSC board to CLB board will stop. | I98: Affected device and its associated group of devices will transit to monitoring mode._x000D_ _x000D_ System will keep working with reduced injection capability._x000D_ | J98: 3 | K98: Degradation of component. | L98: Usage of over-rated components. Using components with industrial grade scale. Choosing components with enough FIT rate to fulfil the product life requirements. | M98: 2 | N98: 6 | O98: Functional Testing. Thermal and Relative Humidity Testing. Condensed Humidity Testing. EFT Testing. Vibration Testing. ATM Testing. MVAr Testing. Pre-Cosure Testing. EOL Testing. | P98: Loss of communication between iiDCE and iiSC. | Q98: 3 | R98: =J98*M98*Q98 -> 18 | AF98: =VALUE(RIGHT((IF(A98="",0,A98)),5)) -> 5699
A99: SV104-12446 | B99: Ramp rate setting - Capacitor | C99: C341 | D99: To determines the soft-start time (tSS), which is the time for the output voltage to reach the final regulated value | E99: Capacitor fails-open._x000D_ | F99: No immediate effect. Soft Start will be disturbed. Buck converter will keep working normally. iiSC will keep working normally. | G99: No immediate effect. Device will keep working normally. | H99: CLB will have no effect | I99: System will keep working normally. | J99: 1 | K99: Electrical over stress._x000D_ _x000D_ Over current._x000D_ _x000D_ Thermal heating._x000D_ | L99: Choosing components with enough FIT rate to fulfill the product life requirements. Components with higher ratings (current/voltage) are used. | M99: 1 | N99: =J99*M99 -> 1 | O99: Functional Testing. Thermal and Relative Humidity Testing. Condensed Humidity Testing. EFT Testing. Vibration Testing. ATM Testing. MVAr Testing. Pre-Cosure Testing. EOL Testing. | P99: Loss of communication between iiDCE and iiSC. | Q99: 3 | R99: =J99*M99*Q99 -> 3 | AF99: =VALUE(RIGHT((IF(A99="",0,A99)),5)) -> 12446
A100: SV104-12447 | E100: Capacitor fails-short._x000D_ | F100: Buck boost IC will not be able to operate. 5V supply will not be available. | G100: Device will transit to monitoring state. | H100: Heartbeat of iiSC board to CLB board will stop. | I100: Affected device and its associated group of devices will transit to monitoring mode._x000D_ _x000D_ System will keep working with reduced injection capability._x000D_ | J100: 3 | K100: Degradation of component. | L100: Usage of over-rated components. Using components with industrial grade scale. Choosing components with enough FIT rate to fulfil the product life requirements. | M100: 1 | N100: =J100*M100 -> 3 | O100: Functional Testing. Thermal and Relative Humidity Testing. Condensed Humidity Testing. EFT Testing. Vibration Testing. ATM Testing. MVAr Testing. Pre-Cosure Testing. EOL Testing. | P100: Loss of communication between iiDCE and iiSC. | Q100: 2 | R100: =J100*M100*Q100 -> 6 | AF100: =VALUE(RIGHT((IF(A100="",0,A100)),5)) -> 12447
...

Sheet Data Validation
A1: Status
A2: Approved
A3: Review Pending
A4: Reviewed by QA
